# Object Export From Tinkercad Server 2015

mtllib obj.mtl

o obj_0
v -20.5636 		2.0102 		18.2542
v -20.5968 		2 		18.4571
v -20.5968 		5 		18.4571
v -20.5305 		2.0409 		18.0527
v -20.4979 		2.0918 		17.8539
v -20.4659 		2.1625 		17.6593
v -20.4349 		2.2527 		17.4701
v -20.405 		2.3616 		17.2877
v -20.3763 		2.4885 		17.1132
v -20.3492 		2.6326 		16.9479
v -20.3238 		2.7928 		16.793
v -20.3002 		2.9682 		16.6494
v -20.2787 		3.1574 		16.5181
v -20.2593 		3.3592 		16.4001
v -20.2423 		3.5722 		16.2961
v -20.2276 		3.7949 		16.207
v -20.2155 		4.0259 		16.1331
v -20.206 		4.2635 		16.0752
v -20.1992 		4.5062 		16.0335
v -20.1951 		4.7523 		16.0084
v -20.1937 		5 		16
v -20.1951 		5.2477 		16.0084
v -20.1992 		5.4938 		16.0335
v -20.206 		5.7365 		16.0752
v -20.2155 		5.9741 		16.1331
v -20.2276 		6.2051 		16.207
v -20.2423 		6.4278 		16.2961
v -20.2593 		6.6408 		16.4001
v -20.2787 		6.8426 		16.5181
v -20.3002 		7.0318 		16.6494
v -20.3238 		7.2072 		16.793
v -20.3492 		7.3674 		16.9479
v -20.3763 		7.5115 		17.1132
v -20.405 		7.6384 		17.2877
v -20.4349 		7.7473 		17.4701
v -20.4659 		7.8375 		17.6593
v -20.4979 		7.9082 		17.8539
v -20.5305 		7.9591 		18.0527
v -20.5636 		7.9898 		18.2542
v -20.5968 		8 		18.4571
v -20.6301 		7.9898 		18.66
v -20.6632 		7.9591 		18.8615
v -20.6958 		7.9082 		19.0603
v -20.7277 		7.8375 		19.2549
v -20.7588 		7.7473 		19.4441
v -20.7887 		7.6384 		19.6266
v -20.8173 		7.5115 		19.801
v -20.8445 		7.3674 		19.9663
v -20.8699 		7.2072 		20.1213
v -20.8935 		7.0318 		20.2649
v -20.915 		6.8426 		20.3961
v -20.9344 		6.6408 		20.5141
v -20.9514 		6.4278 		20.6181
v -20.966 		6.2051 		20.7073
v -20.9782 		5.9741 		20.7811
v -20.9877 		5.7365 		20.839
v -20.9945 		5.4938 		20.8807
v -20.9986 		5.2477 		20.9058
v -21 		5 		20.9142
v -20.9986 		4.7523 		20.9058
v -20.9945 		4.5062 		20.8807
v -20.9877 		4.2635 		20.839
v -20.9782 		4.0259 		20.7811
v -20.966 		3.7949 		20.7073
v -20.9514 		3.5722 		20.6181
v -20.9344 		3.3592 		20.5141
v -20.915 		3.1574 		20.3961
v -20.8935 		2.9682 		20.2649
v -20.8699 		2.7928 		20.1213
v -20.8445 		2.6326 		19.9663
v -20.8173 		2.4885 		19.801
v -20.7887 		2.3616 		19.6266
v -20.7588 		2.2527 		19.4441
v -20.7277 		2.1625 		19.2549
v -20.6958 		2.0918 		19.0603
v -20.6632 		2.0409 		18.8615
v -20.6301 		2.0102 		18.66
v 25.5968 		2 		18.5429
v 25.6301 		2.0102 		18.34
v 25.5968 		5 		18.5429
v 25.6632 		2.0409 		18.1385
v 25.6958 		2.0918 		17.9397
v 25.7277 		2.1625 		17.7451
v 25.7588 		2.2527 		17.5559
v 25.7887 		2.3616 		17.3734
v 25.8173 		2.4885 		17.199
v 25.8445 		2.6326 		17.0337
v 25.8699 		2.7928 		16.8787
v 25.8935 		2.9682 		16.7351
v 25.915 		3.1574 		16.6039
v 25.9344 		3.3592 		16.4859
v 25.9514 		3.5722 		16.3819
v 25.966 		3.7949 		16.2927
v 25.9782 		4.0259 		16.2189
v 25.9877 		4.2635 		16.161
v 25.9945 		4.5062 		16.1193
v 25.9986 		4.7523 		16.0942
v 26 		5 		16.0858
v 25.9986 		5.2477 		16.0942
v 25.9945 		5.4938 		16.1193
v 25.9877 		5.7365 		16.161
v 25.9782 		5.9741 		16.2189
v 25.966 		6.2051 		16.2927
v 25.9514 		6.4278 		16.3819
v 25.9344 		6.6408 		16.4859
v 25.915 		6.8426 		16.6039
v 25.8935 		7.0318 		16.7351
v 25.8699 		7.2072 		16.8787
v 25.8445 		7.3674 		17.0337
v 25.8173 		7.5115 		17.199
v 25.7887 		7.6384 		17.3734
v 25.7588 		7.7473 		17.5559
v 25.7277 		7.8375 		17.7451
v 25.6958 		7.9082 		17.9397
v 25.6632 		7.9591 		18.1385
v 25.6301 		7.9898 		18.34
v 25.5968 		8 		18.5429
v 25.5636 		7.9898 		18.7458
v 25.5305 		7.9591 		18.9473
v 25.4979 		7.9082 		19.1461
v 25.4659 		7.8375 		19.3407
v 25.4349 		7.7473 		19.5299
v 25.405 		7.6384 		19.7123
v 25.3763 		7.5115 		19.8868
v 25.3492 		7.3674 		20.0521
v 25.3238 		7.2072 		20.207
v 25.3002 		7.0318 		20.3506
v 25.2787 		6.8426 		20.4819
v 25.2593 		6.6408 		20.5999
v 25.2423 		6.4278 		20.7039
v 25.2276 		6.2051 		20.793
v 25.2155 		5.9741 		20.8669
v 25.206 		5.7365 		20.9248
v 25.1992 		5.4938 		20.9665
v 25.1951 		5.2477 		20.9916
v 25.1937 		5 		21
v 25.1951 		4.7523 		20.9916
v 25.1992 		4.5062 		20.9665
v 25.206 		4.2635 		20.9248
v 25.2155 		4.0259 		20.8669
v 25.2276 		3.7949 		20.793
v 25.2423 		3.5722 		20.7039
v 25.2593 		3.3592 		20.5999
v 25.2787 		3.1574 		20.4819
v 25.3002 		2.9682 		20.3506
v 25.3238 		2.7928 		20.207
v 25.3492 		2.6326 		20.0521
v 25.3763 		2.4885 		19.8868
v 25.405 		2.3616 		19.7123
v 25.4349 		2.2527 		19.5299
v 25.4659 		2.1625 		19.3407
v 25.4979 		2.0918 		19.1461
v 25.5305 		2.0409 		18.9473
v 25.5636 		2.0102 		18.7458
# 154 vertices

g group_0_9771553

usemtl color_9771553
s 0

f 1 	2 	3
f 4 	1 	3
f 5 	4 	3
f 6 	5 	3
f 7 	6 	3
f 8 	7 	3
f 9 	8 	3
f 10 	9 	3
f 11 	10 	3
f 12 	11 	3
f 13 	12 	3
f 14 	13 	3
f 15 	14 	3
f 16 	15 	3
f 17 	16 	3
f 18 	17 	3
f 19 	18 	3
f 20 	19 	3
f 21 	20 	3
f 22 	21 	3
f 23 	22 	3
f 24 	23 	3
f 25 	24 	3
f 26 	25 	3
f 27 	26 	3
f 28 	27 	3
f 29 	28 	3
f 30 	29 	3
f 31 	30 	3
f 32 	31 	3
f 33 	32 	3
f 34 	33 	3
f 35 	34 	3
f 36 	35 	3
f 37 	36 	3
f 38 	37 	3
f 39 	38 	3
f 40 	39 	3
f 41 	40 	3
f 42 	41 	3
f 43 	42 	3
f 44 	43 	3
f 45 	44 	3
f 46 	45 	3
f 47 	46 	3
f 48 	47 	3
f 49 	48 	3
f 50 	49 	3
f 51 	50 	3
f 52 	51 	3
f 53 	52 	3
f 54 	53 	3
f 55 	54 	3
f 56 	55 	3
f 57 	56 	3
f 58 	57 	3
f 59 	58 	3
f 60 	59 	3
f 61 	60 	3
f 62 	61 	3
f 63 	62 	3
f 64 	63 	3
f 65 	64 	3
f 66 	65 	3
f 67 	66 	3
f 68 	67 	3
f 69 	68 	3
f 70 	69 	3
f 71 	70 	3
f 72 	71 	3
f 73 	72 	3
f 74 	73 	3
f 75 	74 	3
f 76 	75 	3
f 77 	76 	3
f 2 	77 	3
f 78 	79 	80
f 79 	81 	80
f 81 	82 	80
f 82 	83 	80
f 83 	84 	80
f 84 	85 	80
f 85 	86 	80
f 86 	87 	80
f 87 	88 	80
f 88 	89 	80
f 89 	90 	80
f 90 	91 	80
f 91 	92 	80
f 92 	93 	80
f 93 	94 	80
f 94 	95 	80
f 95 	96 	80
f 96 	97 	80
f 97 	98 	80
f 98 	99 	80
f 99 	100 	80
f 100 	101 	80
f 101 	102 	80
f 102 	103 	80
f 103 	104 	80
f 104 	105 	80
f 105 	106 	80
f 106 	107 	80
f 107 	108 	80
f 108 	109 	80
f 109 	110 	80
f 110 	111 	80
f 111 	112 	80
f 112 	113 	80
f 113 	114 	80
f 114 	115 	80
f 115 	116 	80
f 116 	117 	80
f 117 	118 	80
f 118 	119 	80
f 119 	120 	80
f 120 	121 	80
f 121 	122 	80
f 122 	123 	80
f 123 	124 	80
f 124 	125 	80
f 125 	126 	80
f 126 	127 	80
f 127 	128 	80
f 128 	129 	80
f 129 	130 	80
f 130 	131 	80
f 131 	132 	80
f 132 	133 	80
f 133 	134 	80
f 134 	135 	80
f 135 	136 	80
f 136 	137 	80
f 137 	138 	80
f 138 	139 	80
f 139 	140 	80
f 140 	141 	80
f 141 	142 	80
f 142 	143 	80
f 143 	144 	80
f 144 	145 	80
f 145 	146 	80
f 146 	147 	80
f 147 	148 	80
f 148 	149 	80
f 149 	150 	80
f 150 	151 	80
f 151 	152 	80
f 152 	153 	80
f 153 	154 	80
f 154 	78 	80
f 2 	1 	1
f 1 	4 	4
f 4 	5 	5
f 5 	6 	6
f 6 	7 	7
f 7 	8 	8
f 8 	9 	9
f 9 	10 	10
f 10 	11 	11
f 11 	12 	12
f 12 	13 	13
f 13 	14 	14
f 14 	15 	15
f 15 	16 	16
f 16 	17 	17
f 17 	18 	18
f 18 	19 	19
f 19 	20 	20
f 20 	21 	21
f 21 	22 	22
f 22 	23 	23
f 23 	24 	24
f 24 	25 	25
f 25 	26 	26
f 26 	27 	27
f 27 	28 	28
f 28 	29 	29
f 29 	30 	30
f 30 	31 	31
f 31 	32 	32
f 32 	33 	33
f 33 	34 	34
f 34 	35 	35
f 35 	36 	36
f 36 	37 	37
f 37 	38 	38
f 38 	39 	39
f 39 	40 	40
f 40 	41 	41
f 41 	42 	42
f 42 	43 	43
f 43 	44 	44
f 44 	45 	45
f 45 	46 	46
f 46 	47 	47
f 47 	48 	48
f 48 	49 	49
f 49 	50 	50
f 50 	51 	51
f 51 	52 	52
f 52 	53 	53
f 53 	54 	54
f 54 	55 	55
f 55 	56 	56
f 56 	57 	57
f 57 	58 	58
f 58 	59 	59
f 59 	60 	60
f 60 	61 	61
f 61 	62 	62
f 62 	63 	63
f 63 	64 	64
f 64 	65 	65
f 65 	66 	66
f 66 	67 	67
f 67 	68 	68
f 68 	69 	69
f 69 	70 	70
f 70 	71 	71
f 71 	72 	72
f 72 	73 	73
f 73 	74 	74
f 74 	75 	75
f 75 	76 	76
f 76 	77 	77
f 77 	2 	2
f 2 	1 	79
f 2 	79 	78
f 1 	4 	81
f 1 	81 	79
f 4 	5 	82
f 4 	82 	81
f 5 	6 	83
f 5 	83 	82
f 6 	7 	84
f 6 	84 	83
f 7 	8 	85
f 7 	85 	84
f 8 	9 	86
f 8 	86 	85
f 9 	10 	87
f 9 	87 	86
f 10 	11 	88
f 10 	88 	87
f 11 	12 	89
f 11 	89 	88
f 12 	13 	90
f 12 	90 	89
f 13 	14 	91
f 13 	91 	90
f 14 	15 	92
f 14 	92 	91
f 15 	16 	93
f 15 	93 	92
f 16 	17 	94
f 16 	94 	93
f 17 	18 	95
f 17 	95 	94
f 18 	19 	96
f 18 	96 	95
f 19 	20 	97
f 19 	97 	96
f 20 	21 	98
f 20 	98 	97
f 21 	22 	99
f 21 	99 	98
f 22 	23 	100
f 22 	100 	99
f 23 	24 	101
f 23 	101 	100
f 24 	25 	102
f 24 	102 	101
f 25 	26 	103
f 25 	103 	102
f 26 	27 	104
f 26 	104 	103
f 27 	28 	105
f 27 	105 	104
f 28 	29 	106
f 28 	106 	105
f 29 	30 	107
f 29 	107 	106
f 30 	31 	108
f 30 	108 	107
f 31 	32 	109
f 31 	109 	108
f 32 	33 	110
f 32 	110 	109
f 33 	34 	111
f 33 	111 	110
f 34 	35 	112
f 34 	112 	111
f 35 	36 	113
f 35 	113 	112
f 36 	37 	114
f 36 	114 	113
f 37 	38 	115
f 37 	115 	114
f 38 	39 	116
f 38 	116 	115
f 39 	40 	117
f 39 	117 	116
f 40 	41 	118
f 40 	118 	117
f 41 	42 	119
f 41 	119 	118
f 42 	43 	120
f 42 	120 	119
f 43 	44 	121
f 43 	121 	120
f 44 	45 	122
f 44 	122 	121
f 45 	46 	123
f 45 	123 	122
f 46 	47 	124
f 46 	124 	123
f 47 	48 	125
f 47 	125 	124
f 48 	49 	126
f 48 	126 	125
f 49 	50 	127
f 49 	127 	126
f 50 	51 	128
f 50 	128 	127
f 51 	52 	129
f 51 	129 	128
f 52 	53 	130
f 52 	130 	129
f 53 	54 	131
f 53 	131 	130
f 54 	55 	132
f 54 	132 	131
f 55 	56 	133
f 55 	133 	132
f 56 	57 	134
f 56 	134 	133
f 57 	58 	135
f 57 	135 	134
f 58 	59 	136
f 58 	136 	135
f 59 	60 	137
f 59 	137 	136
f 60 	61 	138
f 60 	138 	137
f 61 	62 	139
f 61 	139 	138
f 62 	63 	140
f 62 	140 	139
f 63 	64 	141
f 63 	141 	140
f 64 	65 	142
f 64 	142 	141
f 65 	66 	143
f 65 	143 	142
f 66 	67 	144
f 66 	144 	143
f 67 	68 	145
f 67 	145 	144
f 68 	69 	146
f 68 	146 	145
f 69 	70 	147
f 69 	147 	146
f 70 	71 	148
f 70 	148 	147
f 71 	72 	149
f 71 	149 	148
f 72 	73 	150
f 72 	150 	149
f 73 	74 	151
f 73 	151 	150
f 74 	75 	152
f 74 	152 	151
f 75 	76 	153
f 75 	153 	152
f 76 	77 	154
f 76 	154 	153
f 77 	2 	78
f 77 	78 	154
f 78 	79 	79
f 79 	81 	81
f 81 	82 	82
f 82 	83 	83
f 83 	84 	84
f 84 	85 	85
f 85 	86 	86
f 86 	87 	87
f 87 	88 	88
f 88 	89 	89
f 89 	90 	90
f 90 	91 	91
f 91 	92 	92
f 92 	93 	93
f 93 	94 	94
f 94 	95 	95
f 95 	96 	96
f 96 	97 	97
f 97 	98 	98
f 98 	99 	99
f 99 	100 	100
f 100 	101 	101
f 101 	102 	102
f 102 	103 	103
f 103 	104 	104
f 104 	105 	105
f 105 	106 	106
f 106 	107 	107
f 107 	108 	108
f 108 	109 	109
f 109 	110 	110
f 110 	111 	111
f 111 	112 	112
f 112 	113 	113
f 113 	114 	114
f 114 	115 	115
f 115 	116 	116
f 116 	117 	117
f 117 	118 	118
f 118 	119 	119
f 119 	120 	120
f 120 	121 	121
f 121 	122 	122
f 122 	123 	123
f 123 	124 	124
f 124 	125 	125
f 125 	126 	126
f 126 	127 	127
f 127 	128 	128
f 128 	129 	129
f 129 	130 	130
f 130 	131 	131
f 131 	132 	132
f 132 	133 	133
f 133 	134 	134
f 134 	135 	135
f 135 	136 	136
f 136 	137 	137
f 137 	138 	138
f 138 	139 	139
f 139 	140 	140
f 140 	141 	141
f 141 	142 	142
f 142 	143 	143
f 143 	144 	144
f 144 	145 	145
f 145 	146 	146
f 146 	147 	147
f 147 	148 	148
f 148 	149 	149
f 149 	150 	150
f 150 	151 	151
f 151 	152 	152
f 152 	153 	153
f 153 	154 	154
f 154 	78 	78
# 456 faces

 #end of obj_0

o obj_1
v 1.5 		5 		31
v -0.1316 		5 		30.9016
v -0.1176 		4.7956 		30.9016
v -0.076 		4.5946 		30.9016
v -0.0074 		4.4006 		30.9016
v 0.087 		4.2168 		30.9016
v 0.2056 		4.0465 		30.9016
v 0.3463 		3.8924 		30.9016
v 0.5068 		3.7574 		30.9016
v 0.6842 		3.6435 		30.9016
v 0.8756 		3.5529 		30.9016
v 1.0777 		3.4871 		30.9016
v 1.287 		3.4471 		30.9016
v 1.5 		3.4337 		30.9016
v 1.713 		3.4471 		30.9016
v 1.9223 		3.4871 		30.9016
v 2.1244 		3.5529 		30.9016
v 2.3158 		3.6435 		30.9016
v 2.4932 		3.7574 		30.9016
v 2.6537 		3.8924 		30.9016
v 2.7944 		4.0465 		30.9016
v 2.913 		4.2168 		30.9016
v 3.0074 		4.4006 		30.9016
v 3.076 		4.5946 		30.9016
v 3.1176 		4.7956 		30.9016
v 3.1316 		5 		30.9016
v 3.1176 		5.2044 		30.9016
v 3.076 		5.4054 		30.9016
v 3.0074 		5.5994 		30.9016
v 2.913 		5.7832 		30.9016
v 2.7944 		5.9535 		30.9016
v 2.6537 		6.1076 		30.9016
v 2.4932 		6.2426 		30.9016
v 2.3158 		6.3565 		30.9016
v 2.1244 		6.4471 		30.9016
v 1.9223 		6.5129 		30.9016
v 1.713 		6.5529 		30.9016
v 1.5 		6.5663 		30.9016
v 1.287 		6.5529 		30.9016
v 1.0777 		6.5129 		30.9016
v 0.8756 		6.4471 		30.9016
v 0.6842 		6.3565 		30.9016
v 0.5068 		6.2426 		30.9016
v 0.3463 		6.1076 		30.9016
v 0.2056 		5.9535 		30.9016
v 0.087 		5.7832 		30.9016
v -0.0074 		5.5994 		30.9016
v -0.076 		5.4054 		30.9016
v -0.1176 		5.2044 		30.9016
v -1.7076 		4.5946 		30.6081
v -1.7352 		5 		30.6081
v -1.625 		4.1962 		30.6081
v -1.489 		3.8115 		30.6081
v -1.3018 		3.4471 		30.6081
v -1.0667 		3.1093 		30.6081
v -0.7877 		2.8038 		30.6081
v -0.4695 		2.536 		30.6081
v -0.1176 		2.3103 		30.6081
v 0.2619 		2.1306 		30.6081
v 0.6627 		2 		30.6081
v 1.0777 		1.9207 		30.6081
v 1.5 		1.8942 		30.6081
v 1.9223 		1.9207 		30.6081
v 2.3373 		2 		30.6081
v 2.7381 		2.1306 		30.6081
v 3.1176 		2.3103 		30.6081
v 3.4695 		2.536 		30.6081
v 3.7877 		2.8038 		30.6081
v 4.0667 		3.1093 		30.6081
v 4.3018 		3.4471 		30.6081
v 4.489 		3.8115 		30.6081
v 4.625 		4.1962 		30.6081
v 4.7076 		4.5946 		30.6081
v 4.7352 		5 		30.6081
v 4.7076 		5.4054 		30.6081
v 4.625 		5.8038 		30.6081
v 4.489 		6.1885 		30.6081
v 4.3018 		6.5529 		30.6081
v 4.0667 		6.8907 		30.6081
v 3.7877 		7.1962 		30.6081
v 3.4695 		7.464 		30.6081
v 3.1176 		7.6897 		30.6081
v 2.7381 		7.8694 		30.6081
v 2.3373 		8 		30.6081
v 1.9223 		8.0793 		30.6081
v 1.5 		8.1058 		30.6081
v 1.0777 		8.0793 		30.6081
v 0.6627 		8 		30.6081
v 0.2619 		7.8694 		30.6081
v -0.1176 		7.6897 		30.6081
v -0.4695 		7.464 		30.6081
v -0.7877 		7.1962 		30.6081
v -1.0667 		6.8907 		30.6081
v -1.3018 		6.5529 		30.6081
v -1.489 		6.1885 		30.6081
v -1.625 		5.8038 		30.6081
v -1.7076 		5.4054 		30.6081
v -3.2426 		4.4006 		30.1246
v -3.2835 		5 		30.1246
v -3.1205 		3.8115 		30.1246
v -2.9194 		3.2426 		30.1246
v -2.6427 		2.7039 		30.1246
v -2.295 		2.2044 		30.1246
v -1.8825 		1.7528 		30.1246
v -1.412 		1.3568 		30.1246
v -0.8918 		1.023 		30.1246
v -0.3306 		0.7574 		30.1246
v 0.2619 		0.5643 		30.1246
v 0.8756 		0.4471 		30.1246
v 1.5 		0.4078 		30.1246
v 2.1244 		0.4471 		30.1246
v 2.7381 		0.5643 		30.1246
v 3.3306 		0.7574 		30.1246
v 3.8918 		1.023 		30.1246
v 4.412 		1.3568 		30.1246
v 4.8825 		1.7528 		30.1246
v 5.295 		2.2044 		30.1246
v 5.6427 		2.7039 		30.1246
v 5.9194 		3.2426 		30.1246
v 6.1205 		3.8115 		30.1246
v 6.2426 		4.4006 		30.1246
v 6.2835 		5 		30.1246
v 6.2426 		5.5994 		30.1246
v 6.1205 		6.1885 		30.1246
v 5.9194 		6.7574 		30.1246
v 5.6427 		7.2961 		30.1246
v 5.295 		7.7956 		30.1246
v 4.8825 		8.2472 		30.1246
v 4.412 		8.6432 		30.1246
v 3.8918 		8.977 		30.1246
v 3.3306 		9.2426 		30.1246
v 2.7381 		9.4357 		30.1246
v 2.1244 		9.5529 		30.1246
v 1.5 		9.5922 		30.1246
v 0.8756 		9.5529 		30.1246
v 0.2619 		9.4357 		30.1246
v -0.3306 		9.2426 		30.1246
v -0.8918 		8.977 		30.1246
v -1.412 		8.6432 		30.1246
v -1.8825 		8.2472 		30.1246
v -2.295 		7.7956 		30.1246
v -2.6427 		7.2961 		30.1246
v -2.9194 		6.7574 		30.1246
v -3.1205 		6.1885 		30.1246
v -3.2426 		5.5994 		30.1246
v -4.6965 		4.2168 		29.4593
v -4.75 		5 		29.4593
v -4.537 		3.4471 		29.4593
v -4.2742 		2.7039 		29.4593
v -3.9127 		2 		29.4593
v -3.4585 		1.3474 		29.4593
v -2.9194 		0.7574 		29.4593
v -2.3048 		0.2399 		29.4593
v -1.625 		-0.1962 		29.4593
v -0.8918 		-0.5433 		29.4593
v -0.1176 		-0.7956 		29.4593
v 0.6842 		-0.9487 		29.4593
v 1.5 		-1 		29.4593
v 2.3158 		-0.9487 		29.4593
v 3.1176 		-0.7956 		29.4593
v 3.8918 		-0.5433 		29.4593
v 4.625 		-0.1962 		29.4593
v 5.3048 		0.2399 		29.4593
v 5.9194 		0.7574 		29.4593
v 6.4585 		1.3474 		29.4593
v 6.9127 		2 		29.4593
v 7.2742 		2.7039 		29.4593
v 7.537 		3.4471 		29.4593
v 7.6965 		4.2168 		29.4593
v 7.75 		5 		29.4593
v 7.6965 		5.7832 		29.4593
v 7.537 		6.5529 		29.4593
v 7.2742 		7.2961 		29.4593
v 6.9127 		8 		29.4593
v 6.4585 		8.6526 		29.4593
v 5.9194 		9.2426 		29.4593
v 5.3048 		9.7601 		29.4593
v 4.625 		10.1962 		29.4593
v 3.8918 		10.5433 		29.4593
v 3.1176 		10.7956 		29.4593
v 2.3158 		10.9487 		29.4593
v 1.5 		11 		29.4593
v 0.6842 		10.9487 		29.4593
v -0.1176 		10.7956 		29.4593
v -0.8918 		10.5433 		29.4593
v -1.625 		10.1962 		29.4593
v -2.3048 		9.7601 		29.4593
v -2.9194 		9.2426 		29.4593
v -3.4585 		8.6526 		29.4593
v -3.9127 		8 		29.4593
v -4.2742 		7.2961 		29.4593
v -4.537 		6.5529 		29.4593
v -4.6965 		5.7832 		29.4593
v -6.0444 		4.0465 		28.6236
v -6.1095 		5 		28.6236
v -5.8502 		3.1093 		28.6236
v -5.5303 		2.2044 		28.6236
v -5.09 		1.3474 		28.6236
v -4.537 		0.5529 		28.6236
v -3.8807 		-0.1655 		28.6236
v -3.1324 		-0.7956 		28.6236
v -2.3048 		-1.3264 		28.6236
v -1.412 		-1.7491 		28.6236
v -0.4695 		-2.0562 		28.6236
v 0.5068 		-2.2426 		28.6236
v 1.5 		-2.3051 		28.6236
v 2.4932 		-2.2426 		28.6236
v 3.4695 		-2.0562 		28.6236
v 4.412 		-1.7491 		28.6236
v 5.3048 		-1.3264 		28.6236
v 6.1324 		-0.7956 		28.6236
v 6.8807 		-0.1655 		28.6236
v 7.537 		0.5529 		28.6236
v 8.09 		1.3474 		28.6236
v 8.5303 		2.2044 		28.6236
v 8.8502 		3.1093 		28.6236
v 9.0444 		4.0465 		28.6236
v 9.1095 		5 		28.6236
v 9.0444 		5.9535 		28.6236
v 8.8502 		6.8907 		28.6236
v 8.5303 		7.7956 		28.6236
v 8.09 		8.6526 		28.6236
v 7.537 		9.4471 		28.6236
v 6.8807 		10.1655 		28.6236
v 6.1324 		10.7956 		28.6236
v 5.3048 		11.3264 		28.6236
v 4.412 		11.7491 		28.6236
v 3.4695 		12.0562 		28.6236
v 2.4932 		12.2426 		28.6236
v 1.5 		12.3051 		28.6236
v 0.5068 		12.2426 		28.6236
v -0.4695 		12.0562 		28.6236
v -1.412 		11.7491 		28.6236
v -2.3048 		11.3264 		28.6236
v -3.1324 		10.7956 		28.6236
v -3.8807 		10.1655 		28.6236
v -4.537 		9.4471 		28.6236
v -5.09 		8.6526 		28.6236
v -5.5303 		7.7956 		28.6236
v -5.8502 		6.8907 		28.6236
v -6.0444 		5.9535 		28.6236
v -7.2632 		3.8924 		27.6317
v -7.3388 		5 		27.6317
v -7.0377 		2.8038 		27.6317
v -6.666 		1.7528 		27.6317
v -6.1547 		0.7574 		27.6317
v -5.5123 		-0.1655 		27.6317
v -4.75 		-1 		27.6317
v -3.8807 		-1.7318 		27.6317
v -2.9194 		-2.3485 		27.6317
v -1.8825 		-2.8394 		27.6317
v -0.7877 		-3.1962 		27.6317
v 0.3463 		-3.4127 		27.6317
v 1.5 		-3.4853 		27.6317
v 2.6537 		-3.4127 		27.6317
v 3.7877 		-3.1962 		27.6317
v 4.8825 		-2.8394 		27.6317
v 5.9194 		-2.3485 		27.6317
v 6.8807 		-1.7318 		27.6317
v 7.75 		-1 		27.6317
v 8.5123 		-0.1655 		27.6317
v 9.1547 		0.7574 		27.6317
v 9.666 		1.7528 		27.6317
v 10.0377 		2.8038 		27.6317
v 10.2632 		3.8924 		27.6317
v 10.3388 		5 		27.6317
v 10.2632 		6.1076 		27.6317
v 10.0377 		7.1962 		27.6317
v 9.666 		8.2472 		27.6317
v 9.1547 		9.2426 		27.6317
v 8.5123 		10.1655 		27.6317
v 7.75 		11 		27.6317
v 6.8807 		11.7318 		27.6317
v 5.9194 		12.3485 		27.6317
v 4.8825 		12.8394 		27.6317
v 3.7877 		13.1962 		27.6317
v 2.6537 		13.4127 		27.6317
v 1.5 		13.4853 		27.6317
v 0.3463 		13.4127 		27.6317
v -0.7877 		13.1962 		27.6317
v -1.8825 		12.8394 		27.6317
v -2.9194 		12.3485 		27.6317
v -3.8807 		11.7318 		27.6317
v -4.75 		11 		27.6317
v -5.5123 		10.1655 		27.6317
v -6.1547 		9.2426 		27.6317
v -6.666 		8.2472 		27.6317
v -7.0377 		7.1962 		27.6317
v -7.2632 		6.1076 		27.6317
v -8.3321 		3.7574 		26.5008
v -8.4169 		5 		26.5008
v -8.079 		2.536 		26.5008
v -7.662 		1.3568 		26.5008
v -7.0883 		0.2399 		26.5008
v -6.3676 		-0.7956 		26.5008
v -5.5123 		-1.7318 		26.5008
v -4.537 		-2.5529 		26.5008
v -3.4585 		-3.2448 		26.5008
v -2.295 		-3.7956 		26.5008
v -1.0667 		-4.1958 		26.5008
v 0.2056 		-4.4388 		26.5008
v 1.5 		-4.5202 		26.5008
v 2.7944 		-4.4388 		26.5008
v 4.0667 		-4.1958 		26.5008
v 5.295 		-3.7956 		26.5008
v 6.4585 		-3.2448 		26.5008
v 7.537 		-2.5529 		26.5008
v 8.5123 		-1.7318 		26.5008
v 9.3676 		-0.7956 		26.5008
v 10.0883 		0.2399 		26.5008
v 10.662 		1.3568 		26.5008
v 11.079 		2.536 		26.5008
v 11.3321 		3.7574 		26.5008
v 11.4169 		5 		26.5008
v 11.3321 		6.2426 		26.5008
v 11.079 		7.464 		26.5008
v 10.662 		8.6432 		26.5008
v 10.0883 		9.7601 		26.5008
v 9.3676 		10.7956 		26.5008
v 8.5123 		11.7318 		26.5008
v 7.537 		12.5529 		26.5008
v 6.4585 		13.2448 		26.5008
v 5.295 		13.7956 		26.5008
v 4.0667 		14.1958 		26.5008
v 2.7944 		14.4388 		26.5008
v 1.5 		14.5202 		26.5008
v 0.2056 		14.4388 		26.5008
v -1.0667 		14.1958 		26.5008
v -2.295 		13.7956 		26.5008
v -3.4585 		13.2448 		26.5008
v -4.537 		12.5529 		26.5008
v -5.5123 		11.7318 		26.5008
v -6.3676 		10.7956 		26.5008
v -7.0883 		9.7601 		26.5008
v -7.662 		8.6432 		26.5008
v -8.079 		7.464 		26.5008
v -8.3321 		6.2426 		26.5008
v -9.2327 		3.6435 		25.25
v -9.3253 		5 		25.25
v -8.9565 		2.3103 		25.25
v -8.5013 		1.023 		25.25
v -7.875 		-0.1962 		25.25
v -7.0883 		-1.3264 		25.25
v -6.1547 		-2.3485 		25.25
v -5.09 		-3.2448 		25.25
v -3.9127 		-4 		25.25
v -2.6427 		-4.6012 		25.25
v -1.3018 		-5.0382 		25.25
v 0.087 		-5.3034 		25.25
v 1.5 		-5.3923 		25.25
v 2.913 		-5.3034 		25.25
v 4.3018 		-5.0382 		25.25
v 5.6427 		-4.6012 		25.25
v 6.9127 		-4 		25.25
v 8.09 		-3.2448 		25.25
v 9.1547 		-2.3485 		25.25
v 10.0883 		-1.3264 		25.25
v 10.875 		-0.1962 		25.25
v 11.5013 		1.023 		25.25
v 11.9565 		2.3103 		25.25
v 12.2327 		3.6435 		25.25
v 12.3253 		5 		25.25
v 12.2327 		6.3565 		25.25
v 11.9565 		7.6897 		25.25
v 11.5013 		8.977 		25.25
v 10.875 		10.1962 		25.25
v 10.0883 		11.3264 		25.25
v 9.1547 		12.3485 		25.25
v 8.09 		13.2448 		25.25
v 6.9127 		14 		25.25
v 5.6427 		14.6012 		25.25
v 4.3018 		15.0382 		25.25
v 2.913 		15.3034 		25.25
v 1.5 		15.3923 		25.25
v 0.087 		15.3034 		25.25
v -1.3018 		15.0382 		25.25
v -2.6427 		14.6012 		25.25
v -3.9127 		14 		25.25
v -5.09 		13.2448 		25.25
v -6.1547 		12.3485 		25.25
v -7.0883 		11.3264 		25.25
v -7.875 		10.1962 		25.25
v -8.5013 		8.977 		25.25
v -8.9565 		7.6897 		25.25
v -9.2327 		6.3565 		25.25
v -9.9497 		3.5529 		23.9009
v -10.0485 		5 		23.9009
v -9.655 		2.1306 		23.9009
v -9.1694 		0.7574 		23.9009
v -8.5013 		-0.5433 		23.9009
v -7.662 		-1.7491 		23.9009
v -6.666 		-2.8394 		23.9009
v -5.5303 		-3.7956 		23.9009
v -4.2742 		-4.6012 		23.9009
v -2.9194 		-5.2426 		23.9009
v -1.489 		-5.7088 		23.9009
v -0.0074 		-5.9917 		23.9009
v 1.5 		-6.0866 		23.9009
v 3.0074 		-5.9917 		23.9009
v 4.489 		-5.7088 		23.9009
v 5.9194 		-5.2426 		23.9009
v 7.2742 		-4.6012 		23.9009
v 8.5303 		-3.7956 		23.9009
v 9.666 		-2.8394 		23.9009
v 10.662 		-1.7491 		23.9009
v 11.5013 		-0.5433 		23.9009
v 12.1694 		0.7574 		23.9009
v 12.655 		2.1306 		23.9009
v 12.9497 		3.5529 		23.9009
v 13.0485 		5 		23.9009
v 12.9497 		6.4471 		23.9009
v 12.655 		7.8694 		23.9009
v 12.1694 		9.2426 		23.9009
v 11.5013 		10.5433 		23.9009
v 10.662 		11.7491 		23.9009
v 9.666 		12.8394 		23.9009
v 8.5303 		13.7956 		23.9009
v 7.2742 		14.6012 		23.9009
v 5.9194 		15.2426 		23.9009
v 4.489 		15.7088 		23.9009
v 3.0074 		15.9917 		23.9009
v 1.5 		16.0866 		23.9009
v -0.0074 		15.9917 		23.9009
v -1.489 		15.7088 		23.9009
v -2.9194 		15.2426 		23.9009
v -4.2742 		14.6012 		23.9009
v -5.5303 		13.7956 		23.9009
v -6.666 		12.8394 		23.9009
v -7.662 		11.7491 		23.9009
v -8.5013 		10.5433 		23.9009
v -9.1694 		9.2426 		23.9009
v -9.655 		7.8694 		23.9009
v -9.9497 		6.4471 		23.9009
v -10.4708 		3.4871 		22.4764
v -10.5741 		5 		22.4764
v -10.1627 		2 		22.4764
v -9.655 		0.5643 		22.4764
v -8.9565 		-0.7956 		22.4764
v -8.079 		-2.0562 		22.4764
v -7.0377 		-3.1962 		22.4764
v -5.8502 		-4.1958 		22.4764
v -4.537 		-5.0382 		22.4764
v -3.1205 		-5.7088 		22.4764
v -1.625 		-6.1962 		22.4764
v -0.076 		-6.4919 		22.4764
v 1.5 		-6.5911 		22.4764
v 3.076 		-6.4919 		22.4764
v 4.625 		-6.1962 		22.4764
v 6.1205 		-5.7088 		22.4764
v 7.537 		-5.0382 		22.4764
v 8.8502 		-4.1958 		22.4764
v 10.0377 		-3.1962 		22.4764
v 11.079 		-2.0562 		22.4764
v 11.9565 		-0.7956 		22.4764
v 12.655 		0.5643 		22.4764
v 13.1627 		2 		22.4764
v 13.4708 		3.4871 		22.4764
v 13.5741 		5 		22.4764
v 13.4708 		6.5129 		22.4764
v 13.1627 		8 		22.4764
v 12.655 		9.4357 		22.4764
v 11.9565 		10.7956 		22.4764
v 11.079 		12.0562 		22.4764
v 10.0377 		13.1962 		22.4764
v 8.8502 		14.1958 		22.4764
v 7.537 		15.0382 		22.4764
v 6.1205 		15.7088 		22.4764
v 4.625 		16.1962 		22.4764
v 3.076 		16.4919 		22.4764
v 1.5 		16.5911 		22.4764
v -0.076 		16.4919 		22.4764
v -1.625 		16.1962 		22.4764
v -3.1205 		15.7088 		22.4764
v -4.537 		15.0382 		22.4764
v -5.8502 		14.1958 		22.4764
v -7.0377 		13.1962 		22.4764
v -8.079 		12.0562 		22.4764
v -8.9565 		10.7956 		22.4764
v -9.655 		9.4357 		22.4764
v -10.1627 		8 		22.4764
v -10.4708 		6.5129 		22.4764
v -10.787 		3.4471 		21.0011
v -10.8931 		5 		21.0011
v -10.4708 		1.9207 		21.0011
v -9.9497 		0.4471 		21.0011
v -9.2327 		-0.9487 		21.0011
v -8.3321 		-2.2426 		21.0011
v -7.2632 		-3.4127 		21.0011
v -6.0444 		-4.4388 		21.0011
v -4.6965 		-5.3034 		21.0011
v -3.2426 		-5.9917 		21.0011
v -1.7076 		-6.4919 		21.0011
v -0.1176 		-6.7956 		21.0011
v 1.5 		-6.8973 		21.0011
v 3.1176 		-6.7956 		21.0011
v 4.7076 		-6.4919 		21.0011
v 6.2426 		-5.9917 		21.0011
v 7.6965 		-5.3034 		21.0011
v 9.0444 		-4.4388 		21.0011
v 10.2632 		-3.4127 		21.0011
v 11.3321 		-2.2426 		21.0011
v 12.2327 		-0.9487 		21.0011
v 12.9497 		0.4471 		21.0011
v 13.4708 		1.9207 		21.0011
v 13.787 		3.4471 		21.0011
v 13.8931 		5 		21.0011
v 13.787 		6.5529 		21.0011
v 13.4708 		8.0793 		21.0011
v 12.9497 		9.5529 		21.0011
v 12.2327 		10.9487 		21.0011
v 11.3321 		12.2426 		21.0011
v 10.2632 		13.4127 		21.0011
v 9.0444 		14.4388 		21.0011
v 7.6965 		15.3034 		21.0011
v 6.2426 		15.9917 		21.0011
v 4.7076 		16.4919 		21.0011
v 3.1176 		16.7956 		21.0011
v 1.5 		16.8973 		21.0011
v -0.1176 		16.7956 		21.0011
v -1.7076 		16.4919 		21.0011
v -3.2426 		15.9917 		21.0011
v -4.6965 		15.3034 		21.0011
v -6.0444 		14.4388 		21.0011
v -7.2632 		13.4127 		21.0011
v -8.3321 		12.2426 		21.0011
v -9.2327 		10.9487 		21.0011
v -9.9497 		9.5529 		21.0011
v -10.4708 		8.0793 		21.0011
v -10.787 		6.5529 		21.0011
v -10.8931 		3.4337 		19.5
v -11 		5 		19.5
v -10.5741 		1.8942 		19.5
v -10.0485 		0.4078 		19.5
v -9.3253 		-1 		19.5
v -8.4169 		-2.3051 		19.5
v -7.3388 		-3.4853 		19.5
v -6.1095 		-4.5202 		19.5
v -4.75 		-5.3923 		19.5
v -3.2835 		-6.0866 		19.5
v -1.7352 		-6.5911 		19.5
v -0.1316 		-6.8973 		19.5
v 1.5 		-7 		19.5
v 3.1316 		-6.8973 		19.5
v 4.7352 		-6.5911 		19.5
v 6.2835 		-6.0866 		19.5
v 7.75 		-5.3923 		19.5
v 9.1095 		-4.5202 		19.5
v 10.3388 		-3.4853 		19.5
v 11.4169 		-2.3051 		19.5
v 12.3253 		-1 		19.5
v 13.0485 		0.4078 		19.5
v 13.5741 		1.8942 		19.5
v 13.8931 		3.4337 		19.5
v 14 		5 		19.5
v 13.8931 		6.5663 		19.5
v 13.5741 		8.1058 		19.5
v 13.0485 		9.5922 		19.5
v 12.3253 		11 		19.5
v 11.4169 		12.3051 		19.5
v 10.3388 		13.4853 		19.5
v 9.1095 		14.5202 		19.5
v 7.75 		15.3923 		19.5
v 6.2835 		16.0866 		19.5
v 4.7352 		16.5911 		19.5
v 3.1316 		16.8973 		19.5
v 1.5 		17 		19.5
v -0.1316 		16.8973 		19.5
v -1.7352 		16.5911 		19.5
v -3.2835 		16.0866 		19.5
v -4.75 		15.3923 		19.5
v -6.1095 		14.5202 		19.5
v -7.3388 		13.4853 		19.5
v -8.4169 		12.3051 		19.5
v -9.3253 		11 		19.5
v -10.0485 		9.5922 		19.5
v -10.5741 		8.1058 		19.5
v -10.8931 		6.5663 		19.5
v -10.787 		3.4471 		17.9989
v -10.8931 		5 		17.9989
v -10.4708 		1.9207 		17.9989
v -9.9497 		0.4471 		17.9989
v -9.2327 		-0.9487 		17.9989
v -8.3321 		-2.2426 		17.9989
v -7.2632 		-3.4127 		17.9989
v -6.0444 		-4.4388 		17.9989
v -4.6965 		-5.3034 		17.9989
v -3.2426 		-5.9917 		17.9989
v -1.7076 		-6.4919 		17.9989
v -0.1176 		-6.7956 		17.9989
v 1.5 		-6.8973 		17.9989
v 3.1176 		-6.7956 		17.9989
v 4.7076 		-6.4919 		17.9989
v 6.2426 		-5.9917 		17.9989
v 7.6965 		-5.3034 		17.9989
v 9.0444 		-4.4388 		17.9989
v 10.2632 		-3.4127 		17.9989
v 11.3321 		-2.2426 		17.9989
v 12.2327 		-0.9487 		17.9989
v 12.9497 		0.4471 		17.9989
v 13.4708 		1.9207 		17.9989
v 13.787 		3.4471 		17.9989
v 13.8931 		5 		17.9989
v 13.787 		6.5529 		17.9989
v 13.4708 		8.0793 		17.9989
v 12.9497 		9.5529 		17.9989
v 12.2327 		10.9487 		17.9989
v 11.3321 		12.2426 		17.9989
v 10.2632 		13.4127 		17.9989
v 9.0444 		14.4388 		17.9989
v 7.6965 		15.3034 		17.9989
v 6.2426 		15.9917 		17.9989
v 4.7076 		16.4919 		17.9989
v 3.1176 		16.7956 		17.9989
v 1.5 		16.8973 		17.9989
v -0.1176 		16.7956 		17.9989
v -1.7076 		16.4919 		17.9989
v -3.2426 		15.9917 		17.9989
v -4.6965 		15.3034 		17.9989
v -6.0444 		14.4388 		17.9989
v -7.2632 		13.4127 		17.9989
v -8.3321 		12.2426 		17.9989
v -9.2327 		10.9487 		17.9989
v -9.9497 		9.5529 		17.9989
v -10.4708 		8.0793 		17.9989
v -10.787 		6.5529 		17.9989
v -10.4708 		3.4871 		16.5236
v -10.5741 		5 		16.5236
v -10.1627 		2 		16.5236
v -9.655 		0.5643 		16.5236
v -8.9565 		-0.7956 		16.5236
v -8.079 		-2.0562 		16.5236
v -7.0377 		-3.1962 		16.5236
v -5.8502 		-4.1958 		16.5236
v -4.537 		-5.0382 		16.5236
v -3.1205 		-5.7088 		16.5236
v -1.625 		-6.1962 		16.5236
v -0.076 		-6.4919 		16.5236
v 1.5 		-6.5911 		16.5236
v 3.076 		-6.4919 		16.5236
v 4.625 		-6.1962 		16.5236
v 6.1205 		-5.7088 		16.5236
v 7.537 		-5.0382 		16.5236
v 8.8502 		-4.1958 		16.5236
v 10.0377 		-3.1962 		16.5236
v 11.079 		-2.0562 		16.5236
v 11.9565 		-0.7956 		16.5236
v 12.655 		0.5643 		16.5236
v 13.1627 		2 		16.5236
v 13.4708 		3.4871 		16.5236
v 13.5741 		5 		16.5236
v 13.4708 		6.5129 		16.5236
v 13.1627 		8 		16.5236
v 12.655 		9.4357 		16.5236
v 11.9565 		10.7956 		16.5236
v 11.079 		12.0562 		16.5236
v 10.0377 		13.1962 		16.5236
v 8.8502 		14.1958 		16.5236
v 7.537 		15.0382 		16.5236
v 6.1205 		15.7088 		16.5236
v 4.625 		16.1962 		16.5236
v 3.076 		16.4919 		16.5236
v 1.5 		16.5911 		16.5236
v -0.076 		16.4919 		16.5236
v -1.625 		16.1962 		16.5236
v -3.1205 		15.7088 		16.5236
v -4.537 		15.0382 		16.5236
v -5.8502 		14.1958 		16.5236
v -7.0377 		13.1962 		16.5236
v -8.079 		12.0562 		16.5236
v -8.9565 		10.7956 		16.5236
v -9.655 		9.4357 		16.5236
v -10.1627 		8 		16.5236
v -10.4708 		6.5129 		16.5236
v -9.9497 		3.5529 		15.0991
v -10.0485 		5 		15.0991
v -9.655 		2.1306 		15.0991
v -9.1694 		0.7574 		15.0991
v -8.5013 		-0.5433 		15.0991
v -7.662 		-1.7491 		15.0991
v -6.666 		-2.8394 		15.0991
v -5.5303 		-3.7956 		15.0991
v -4.2742 		-4.6012 		15.0991
v -2.9194 		-5.2426 		15.0991
v -1.489 		-5.7088 		15.0991
v -0.0074 		-5.9917 		15.0991
v 1.5 		-6.0866 		15.0991
v 3.0074 		-5.9917 		15.0991
v 4.489 		-5.7088 		15.0991
v 5.9194 		-5.2426 		15.0991
v 7.2742 		-4.6012 		15.0991
v 8.5303 		-3.7956 		15.0991
v 9.666 		-2.8394 		15.0991
v 10.662 		-1.7491 		15.0991
v 11.5013 		-0.5433 		15.0991
v 12.1694 		0.7574 		15.0991
v 12.655 		2.1306 		15.0991
v 12.9497 		3.5529 		15.0991
v 13.0485 		5 		15.0991
v 12.9497 		6.4471 		15.0991
v 12.655 		7.8694 		15.0991
v 12.1694 		9.2426 		15.0991
v 11.5013 		10.5433 		15.0991
v 10.662 		11.7491 		15.0991
v 9.666 		12.8394 		15.0991
v 8.5303 		13.7956 		15.0991
v 7.2742 		14.6012 		15.0991
v 5.9194 		15.2426 		15.0991
v 4.489 		15.7088 		15.0991
v 3.0074 		15.9917 		15.0991
v 1.5 		16.0866 		15.0991
v -0.0074 		15.9917 		15.0991
v -1.489 		15.7088 		15.0991
v -2.9194 		15.2426 		15.0991
v -4.2742 		14.6012 		15.0991
v -5.5303 		13.7956 		15.0991
v -6.666 		12.8394 		15.0991
v -7.662 		11.7491 		15.0991
v -8.5013 		10.5433 		15.0991
v -9.1694 		9.2426 		15.0991
v -9.655 		7.8694 		15.0991
v -9.9497 		6.4471 		15.0991
v -9.2327 		3.6435 		13.75
v -9.3253 		5 		13.75
v -8.9565 		2.3103 		13.75
v -8.5013 		1.023 		13.75
v -7.875 		-0.1962 		13.75
v -7.0883 		-1.3264 		13.75
v -6.1547 		-2.3485 		13.75
v -5.09 		-3.2448 		13.75
v -3.9127 		-4 		13.75
v -2.6427 		-4.6012 		13.75
v -1.3018 		-5.0382 		13.75
v 0.087 		-5.3034 		13.75
v 1.5 		-5.3923 		13.75
v 2.913 		-5.3034 		13.75
v 4.3018 		-5.0382 		13.75
v 5.6427 		-4.6012 		13.75
v 6.9127 		-4 		13.75
v 8.09 		-3.2448 		13.75
v 9.1547 		-2.3485 		13.75
v 10.0883 		-1.3264 		13.75
v 10.875 		-0.1962 		13.75
v 11.5013 		1.023 		13.75
v 11.9565 		2.3103 		13.75
v 12.2327 		3.6435 		13.75
v 12.3253 		5 		13.75
v 12.2327 		6.3565 		13.75
v 11.9565 		7.6897 		13.75
v 11.5013 		8.977 		13.75
v 10.875 		10.1962 		13.75
v 10.0883 		11.3264 		13.75
v 9.1547 		12.3485 		13.75
v 8.09 		13.2448 		13.75
v 6.9127 		14 		13.75
v 5.6427 		14.6012 		13.75
v 4.3018 		15.0382 		13.75
v 2.913 		15.3034 		13.75
v 1.5 		15.3923 		13.75
v 0.087 		15.3034 		13.75
v -1.3018 		15.0382 		13.75
v -2.6427 		14.6012 		13.75
v -3.9127 		14 		13.75
v -5.09 		13.2448 		13.75
v -6.1547 		12.3485 		13.75
v -7.0883 		11.3264 		13.75
v -7.875 		10.1962 		13.75
v -8.5013 		8.977 		13.75
v -8.9565 		7.6897 		13.75
v -9.2327 		6.3565 		13.75
v -8.3321 		3.7574 		12.4992
v -8.4169 		5 		12.4992
v -8.079 		2.536 		12.4992
v -7.662 		1.3568 		12.4992
v -7.0883 		0.2399 		12.4992
v -6.3676 		-0.7956 		12.4992
v -5.5123 		-1.7318 		12.4992
v -4.537 		-2.5529 		12.4992
v -3.4585 		-3.2448 		12.4992
v -2.295 		-3.7956 		12.4992
v -1.0667 		-4.1958 		12.4992
v 0.2056 		-4.4388 		12.4992
v 1.5 		-4.5202 		12.4992
v 2.7944 		-4.4388 		12.4992
v 4.0667 		-4.1958 		12.4992
v 5.295 		-3.7956 		12.4992
v 6.4585 		-3.2448 		12.4992
v 7.537 		-2.5529 		12.4992
v 8.5123 		-1.7318 		12.4992
v 9.3676 		-0.7956 		12.4992
v 10.0883 		0.2399 		12.4992
v 10.662 		1.3568 		12.4992
v 11.079 		2.536 		12.4992
v 11.3321 		3.7574 		12.4992
v 11.4169 		5 		12.4992
v 11.3321 		6.2426 		12.4992
v 11.079 		7.464 		12.4992
v 10.662 		8.6432 		12.4992
v 10.0883 		9.7601 		12.4992
v 9.3676 		10.7956 		12.4992
v 8.5123 		11.7318 		12.4992
v 7.537 		12.5529 		12.4992
v 6.4585 		13.2448 		12.4992
v 5.295 		13.7956 		12.4992
v 4.0667 		14.1958 		12.4992
v 2.7944 		14.4388 		12.4992
v 1.5 		14.5202 		12.4992
v 0.2056 		14.4388 		12.4992
v -1.0667 		14.1958 		12.4992
v -2.295 		13.7956 		12.4992
v -3.4585 		13.2448 		12.4992
v -4.537 		12.5529 		12.4992
v -5.5123 		11.7318 		12.4992
v -6.3676 		10.7956 		12.4992
v -7.0883 		9.7601 		12.4992
v -7.662 		8.6432 		12.4992
v -8.079 		7.464 		12.4992
v -8.3321 		6.2426 		12.4992
v -7.2632 		3.8924 		11.3683
v -7.3388 		5 		11.3683
v -7.0377 		2.8038 		11.3683
v -6.666 		1.7528 		11.3683
v -6.1547 		0.7574 		11.3683
v -5.5123 		-0.1655 		11.3683
v -4.75 		-1 		11.3683
v -3.8807 		-1.7318 		11.3683
v -2.9194 		-2.3485 		11.3683
v -1.8825 		-2.8394 		11.3683
v -0.7877 		-3.1962 		11.3683
v 0.3463 		-3.4127 		11.3683
v 1.5 		-3.4853 		11.3683
v 2.6537 		-3.4127 		11.3683
v 3.7877 		-3.1962 		11.3683
v 4.8825 		-2.8394 		11.3683
v 5.9194 		-2.3485 		11.3683
v 6.8807 		-1.7318 		11.3683
v 7.75 		-1 		11.3683
v 8.5123 		-0.1655 		11.3683
v 9.1547 		0.7574 		11.3683
v 9.666 		1.7528 		11.3683
v 10.0377 		2.8038 		11.3683
v 10.2632 		3.8924 		11.3683
v 10.3388 		5 		11.3683
v 10.2632 		6.1076 		11.3683
v 10.0377 		7.1962 		11.3683
v 9.666 		8.2472 		11.3683
v 9.1547 		9.2426 		11.3683
v 8.5123 		10.1655 		11.3683
v 7.75 		11 		11.3683
v 6.8807 		11.7318 		11.3683
v 5.9194 		12.3485 		11.3683
v 4.8825 		12.8394 		11.3683
v 3.7877 		13.1962 		11.3683
v 2.6537 		13.4127 		11.3683
v 1.5 		13.4853 		11.3683
v 0.3463 		13.4127 		11.3683
v -0.7877 		13.1962 		11.3683
v -1.8825 		12.8394 		11.3683
v -2.9194 		12.3485 		11.3683
v -3.8807 		11.7318 		11.3683
v -4.75 		11 		11.3683
v -5.5123 		10.1655 		11.3683
v -6.1547 		9.2426 		11.3683
v -6.666 		8.2472 		11.3683
v -7.0377 		7.1962 		11.3683
v -7.2632 		6.1076 		11.3683
v -6.0444 		4.0465 		10.3764
v -6.1095 		5 		10.3764
v -5.8502 		3.1093 		10.3764
v -5.5303 		2.2044 		10.3764
v -5.09 		1.3474 		10.3764
v -4.537 		0.5529 		10.3764
v -3.8807 		-0.1655 		10.3764
v -3.1324 		-0.7956 		10.3764
v -2.3048 		-1.3264 		10.3764
v -1.412 		-1.7491 		10.3764
v -0.4695 		-2.0562 		10.3764
v 0.5068 		-2.2426 		10.3764
v 1.5 		-2.3051 		10.3764
v 2.4932 		-2.2426 		10.3764
v 3.4695 		-2.0562 		10.3764
v 4.412 		-1.7491 		10.3764
v 5.3048 		-1.3264 		10.3764
v 6.1324 		-0.7956 		10.3764
v 6.8807 		-0.1655 		10.3764
v 7.537 		0.5529 		10.3764
v 8.09 		1.3474 		10.3764
v 8.5303 		2.2044 		10.3764
v 8.8502 		3.1093 		10.3764
v 9.0444 		4.0465 		10.3764
v 9.1095 		5 		10.3764
v 9.0444 		5.9535 		10.3764
v 8.8502 		6.8907 		10.3764
v 8.5303 		7.7956 		10.3764
v 8.09 		8.6526 		10.3764
v 7.537 		9.4471 		10.3764
v 6.8807 		10.1655 		10.3764
v 6.1324 		10.7956 		10.3764
v 5.3048 		11.3264 		10.3764
v 4.412 		11.7491 		10.3764
v 3.4695 		12.0562 		10.3764
v 2.4932 		12.2426 		10.3764
v 1.5 		12.3051 		10.3764
v 0.5068 		12.2426 		10.3764
v -0.4695 		12.0562 		10.3764
v -1.412 		11.7491 		10.3764
v -2.3048 		11.3264 		10.3764
v -3.1324 		10.7956 		10.3764
v -3.8807 		10.1655 		10.3764
v -4.537 		9.4471 		10.3764
v -5.09 		8.6526 		10.3764
v -5.5303 		7.7956 		10.3764
v -5.8502 		6.8907 		10.3764
v -6.0444 		5.9535 		10.3764
v -4.6965 		4.2168 		9.5407
v -4.75 		5 		9.5407
v -4.537 		3.4471 		9.5407
v -4.2742 		2.7039 		9.5407
v -3.9127 		2 		9.5407
v -3.4585 		1.3474 		9.5407
v -2.9194 		0.7574 		9.5407
v -2.3048 		0.2399 		9.5407
v -1.625 		-0.1962 		9.5407
v -0.8918 		-0.5433 		9.5407
v -0.1176 		-0.7956 		9.5407
v 0.6842 		-0.9487 		9.5407
v 1.5 		-1 		9.5407
v 2.3158 		-0.9487 		9.5407
v 3.1176 		-0.7956 		9.5407
v 3.8918 		-0.5433 		9.5407
v 4.625 		-0.1962 		9.5407
v 5.3048 		0.2399 		9.5407
v 5.9194 		0.7574 		9.5407
v 6.4585 		1.3474 		9.5407
v 6.9127 		2 		9.5407
v 7.2742 		2.7039 		9.5407
v 7.537 		3.4471 		9.5407
v 7.6965 		4.2168 		9.5407
v 7.75 		5 		9.5407
v 7.6965 		5.7832 		9.5407
v 7.537 		6.5529 		9.5407
v 7.2742 		7.2961 		9.5407
v 6.9127 		8 		9.5407
v 6.4585 		8.6526 		9.5407
v 5.9194 		9.2426 		9.5407
v 5.3048 		9.7601 		9.5407
v 4.625 		10.1962 		9.5407
v 3.8918 		10.5433 		9.5407
v 3.1176 		10.7956 		9.5407
v 2.3158 		10.9487 		9.5407
v 1.5 		11 		9.5407
v 0.6842 		10.9487 		9.5407
v -0.1176 		10.7956 		9.5407
v -0.8918 		10.5433 		9.5407
v -1.625 		10.1962 		9.5407
v -2.3048 		9.7601 		9.5407
v -2.9194 		9.2426 		9.5407
v -3.4585 		8.6526 		9.5407
v -3.9127 		8 		9.5407
v -4.2742 		7.2961 		9.5407
v -4.537 		6.5529 		9.5407
v -4.6965 		5.7832 		9.5407
v -3.2426 		4.4006 		8.8754
v -3.2835 		5 		8.8754
v -3.1205 		3.8115 		8.8754
v -2.9194 		3.2426 		8.8754
v -2.6427 		2.7039 		8.8754
v -2.295 		2.2044 		8.8754
v -1.8825 		1.7528 		8.8754
v -1.412 		1.3568 		8.8754
v -0.8918 		1.023 		8.8754
v -0.3306 		0.7574 		8.8754
v 0.2619 		0.5643 		8.8754
v 0.8756 		0.4471 		8.8754
v 1.5 		0.4078 		8.8754
v 2.1244 		0.4471 		8.8754
v 2.7381 		0.5643 		8.8754
v 3.3306 		0.7574 		8.8754
v 3.8918 		1.023 		8.8754
v 4.412 		1.3568 		8.8754
v 4.8825 		1.7528 		8.8754
v 5.295 		2.2044 		8.8754
v 5.6427 		2.7039 		8.8754
v 5.9194 		3.2426 		8.8754
v 6.1205 		3.8115 		8.8754
v 6.2426 		4.4006 		8.8754
v 6.2835 		5 		8.8754
v 6.2426 		5.5994 		8.8754
v 6.1205 		6.1885 		8.8754
v 5.9194 		6.7574 		8.8754
v 5.6427 		7.2961 		8.8754
v 5.295 		7.7956 		8.8754
v 4.8825 		8.2472 		8.8754
v 4.412 		8.6432 		8.8754
v 3.8918 		8.977 		8.8754
v 3.3306 		9.2426 		8.8754
v 2.7381 		9.4357 		8.8754
v 2.1244 		9.5529 		8.8754
v 1.5 		9.5922 		8.8754
v 0.8756 		9.5529 		8.8754
v 0.2619 		9.4357 		8.8754
v -0.3306 		9.2426 		8.8754
v -0.8918 		8.977 		8.8754
v -1.412 		8.6432 		8.8754
v -1.8825 		8.2472 		8.8754
v -2.295 		7.7956 		8.8754
v -2.6427 		7.2961 		8.8754
v -2.9194 		6.7574 		8.8754
v -3.1205 		6.1885 		8.8754
v -3.2426 		5.5994 		8.8754
v -1.7076 		4.5946 		8.3919
v -1.7352 		5 		8.3919
v -1.625 		4.1962 		8.3919
v -1.489 		3.8115 		8.3919
v -1.3018 		3.4471 		8.3919
v -1.0667 		3.1093 		8.3919
v -0.7877 		2.8038 		8.3919
v -0.4695 		2.536 		8.3919
v -0.1176 		2.3103 		8.3919
v 0.2619 		2.1306 		8.3919
v 0.6627 		2 		8.3919
v 1.0777 		1.9207 		8.3919
v 1.5 		1.8942 		8.3919
v 1.9223 		1.9207 		8.3919
v 2.3373 		2 		8.3919
v 2.7381 		2.1306 		8.3919
v 3.1176 		2.3103 		8.3919
v 3.4695 		2.536 		8.3919
v 3.7877 		2.8038 		8.3919
v 4.0667 		3.1093 		8.3919
v 4.3018 		3.4471 		8.3919
v 4.489 		3.8115 		8.3919
v 4.625 		4.1962 		8.3919
v 4.7076 		4.5946 		8.3919
v 4.7352 		5 		8.3919
v 4.7076 		5.4054 		8.3919
v 4.625 		5.8038 		8.3919
v 4.489 		6.1885 		8.3919
v 4.3018 		6.5529 		8.3919
v 4.0667 		6.8907 		8.3919
v 3.7877 		7.1962 		8.3919
v 3.4695 		7.464 		8.3919
v 3.1176 		7.6897 		8.3919
v 2.7381 		7.8694 		8.3919
v 2.3373 		8 		8.3919
v 1.9223 		8.0793 		8.3919
v 1.5 		8.1058 		8.3919
v 1.0777 		8.0793 		8.3919
v 0.6627 		8 		8.3919
v 0.2619 		7.8694 		8.3919
v -0.1176 		7.6897 		8.3919
v -0.4695 		7.464 		8.3919
v -0.7877 		7.1962 		8.3919
v -1.0667 		6.8907 		8.3919
v -1.3018 		6.5529 		8.3919
v -1.489 		6.1885 		8.3919
v -1.625 		5.8038 		8.3919
v -1.7076 		5.4054 		8.3919
v -0.1176 		4.7956 		8.0984
v -0.1316 		5 		8.0984
v -0.076 		4.5946 		8.0984
v -0.0074 		4.4006 		8.0984
v 0.087 		4.2168 		8.0984
v 0.2056 		4.0465 		8.0984
v 0.3463 		3.8924 		8.0984
v 0.5068 		3.7574 		8.0984
v 0.6842 		3.6435 		8.0984
v 0.8756 		3.5529 		8.0984
v 1.0777 		3.4871 		8.0984
v 1.287 		3.4471 		8.0984
v 1.5 		3.4337 		8.0984
v 1.713 		3.4471 		8.0984
v 1.9223 		3.4871 		8.0984
v 2.1244 		3.5529 		8.0984
v 2.3158 		3.6435 		8.0984
v 2.4932 		3.7574 		8.0984
v 2.6537 		3.8924 		8.0984
v 2.7944 		4.0465 		8.0984
v 2.913 		4.2168 		8.0984
v 3.0074 		4.4006 		8.0984
v 3.076 		4.5946 		8.0984
v 3.1176 		4.7956 		8.0984
v 3.1316 		5 		8.0984
v 3.1176 		5.2044 		8.0984
v 3.076 		5.4054 		8.0984
v 3.0074 		5.5994 		8.0984
v 2.913 		5.7832 		8.0984
v 2.7944 		5.9535 		8.0984
v 2.6537 		6.1076 		8.0984
v 2.4932 		6.2426 		8.0984
v 2.3158 		6.3565 		8.0984
v 2.1244 		6.4471 		8.0984
v 1.9223 		6.5129 		8.0984
v 1.713 		6.5529 		8.0984
v 1.5 		6.5663 		8.0984
v 1.287 		6.5529 		8.0984
v 1.0777 		6.5129 		8.0984
v 0.8756 		6.4471 		8.0984
v 0.6842 		6.3565 		8.0984
v 0.5068 		6.2426 		8.0984
v 0.3463 		6.1076 		8.0984
v 0.2056 		5.9535 		8.0984
v 0.087 		5.7832 		8.0984
v -0.0074 		5.5994 		8.0984
v -0.076 		5.4054 		8.0984
v -0.1176 		5.2044 		8.0984
v 1.5 		5 		8
# 1106 vertices

g group_1_15277357

usemtl color_15277357
s 0

f 155 	156 	157
f 155 	157 	158
f 155 	158 	159
f 155 	159 	160
f 155 	160 	161
f 155 	161 	162
f 155 	162 	163
f 155 	163 	164
f 155 	164 	165
f 155 	165 	166
f 155 	166 	167
f 155 	167 	168
f 155 	168 	169
f 155 	169 	170
f 155 	170 	171
f 155 	171 	172
f 155 	172 	173
f 155 	173 	174
f 155 	174 	175
f 155 	175 	176
f 155 	176 	177
f 155 	177 	178
f 155 	178 	179
f 155 	179 	180
f 155 	180 	181
f 155 	181 	182
f 155 	182 	183
f 155 	183 	184
f 155 	184 	185
f 155 	185 	186
f 155 	186 	187
f 155 	187 	188
f 155 	188 	189
f 155 	189 	190
f 155 	190 	191
f 155 	191 	192
f 155 	192 	193
f 155 	193 	194
f 155 	194 	195
f 155 	195 	196
f 155 	196 	197
f 155 	197 	198
f 155 	198 	199
f 155 	199 	200
f 155 	200 	201
f 155 	201 	202
f 155 	202 	203
f 155 	203 	156
f 157 	156 	204
f 156 	205 	204
f 158 	157 	206
f 157 	204 	206
f 159 	158 	207
f 158 	206 	207
f 160 	159 	208
f 159 	207 	208
f 161 	160 	209
f 160 	208 	209
f 162 	161 	210
f 161 	209 	210
f 163 	162 	211
f 162 	210 	211
f 164 	163 	212
f 163 	211 	212
f 165 	164 	213
f 164 	212 	213
f 166 	165 	214
f 165 	213 	214
f 167 	166 	215
f 166 	214 	215
f 168 	167 	216
f 167 	215 	216
f 169 	168 	217
f 168 	216 	217
f 170 	169 	218
f 169 	217 	218
f 171 	170 	219
f 170 	218 	219
f 172 	171 	220
f 171 	219 	220
f 173 	172 	221
f 172 	220 	221
f 174 	173 	222
f 173 	221 	222
f 175 	174 	223
f 174 	222 	223
f 176 	175 	224
f 175 	223 	224
f 177 	176 	225
f 176 	224 	225
f 178 	177 	226
f 177 	225 	226
f 179 	178 	227
f 178 	226 	227
f 180 	179 	228
f 179 	227 	228
f 181 	180 	229
f 180 	228 	229
f 182 	181 	230
f 181 	229 	230
f 183 	182 	231
f 182 	230 	231
f 184 	183 	232
f 183 	231 	232
f 185 	184 	233
f 184 	232 	233
f 186 	185 	234
f 185 	233 	234
f 187 	186 	235
f 186 	234 	235
f 188 	187 	236
f 187 	235 	236
f 189 	188 	237
f 188 	236 	237
f 190 	189 	238
f 189 	237 	238
f 191 	190 	239
f 190 	238 	239
f 192 	191 	240
f 191 	239 	240
f 193 	192 	241
f 192 	240 	241
f 194 	193 	242
f 193 	241 	242
f 195 	194 	243
f 194 	242 	243
f 196 	195 	244
f 195 	243 	244
f 197 	196 	245
f 196 	244 	245
f 198 	197 	246
f 197 	245 	246
f 199 	198 	247
f 198 	246 	247
f 200 	199 	248
f 199 	247 	248
f 201 	200 	249
f 200 	248 	249
f 202 	201 	250
f 201 	249 	250
f 203 	202 	251
f 202 	250 	251
f 156 	203 	205
f 203 	251 	205
f 204 	205 	252
f 205 	253 	252
f 206 	204 	254
f 204 	252 	254
f 207 	206 	255
f 206 	254 	255
f 208 	207 	256
f 207 	255 	256
f 209 	208 	257
f 208 	256 	257
f 210 	209 	258
f 209 	257 	258
f 211 	210 	259
f 210 	258 	259
f 212 	211 	260
f 211 	259 	260
f 213 	212 	261
f 212 	260 	261
f 214 	213 	262
f 213 	261 	262
f 215 	214 	263
f 214 	262 	263
f 216 	215 	264
f 215 	263 	264
f 217 	216 	265
f 216 	264 	265
f 218 	217 	266
f 217 	265 	266
f 219 	218 	267
f 218 	266 	267
f 220 	219 	268
f 219 	267 	268
f 221 	220 	269
f 220 	268 	269
f 222 	221 	270
f 221 	269 	270
f 223 	222 	271
f 222 	270 	271
f 224 	223 	272
f 223 	271 	272
f 225 	224 	273
f 224 	272 	273
f 226 	225 	274
f 225 	273 	274
f 227 	226 	275
f 226 	274 	275
f 228 	227 	276
f 227 	275 	276
f 229 	228 	277
f 228 	276 	277
f 230 	229 	278
f 229 	277 	278
f 231 	230 	279
f 230 	278 	279
f 232 	231 	280
f 231 	279 	280
f 233 	232 	281
f 232 	280 	281
f 234 	233 	282
f 233 	281 	282
f 235 	234 	283
f 234 	282 	283
f 236 	235 	284
f 235 	283 	284
f 237 	236 	285
f 236 	284 	285
f 238 	237 	286
f 237 	285 	286
f 239 	238 	287
f 238 	286 	287
f 240 	239 	288
f 239 	287 	288
f 241 	240 	289
f 240 	288 	289
f 242 	241 	290
f 241 	289 	290
f 243 	242 	291
f 242 	290 	291
f 244 	243 	292
f 243 	291 	292
f 245 	244 	293
f 244 	292 	293
f 246 	245 	294
f 245 	293 	294
f 247 	246 	295
f 246 	294 	295
f 248 	247 	296
f 247 	295 	296
f 249 	248 	297
f 248 	296 	297
f 250 	249 	298
f 249 	297 	298
f 251 	250 	299
f 250 	298 	299
f 205 	251 	253
f 251 	299 	253
f 252 	253 	300
f 253 	301 	300
f 254 	252 	302
f 252 	300 	302
f 255 	254 	303
f 254 	302 	303
f 256 	255 	304
f 255 	303 	304
f 257 	256 	305
f 256 	304 	305
f 258 	257 	306
f 257 	305 	306
f 259 	258 	307
f 258 	306 	307
f 260 	259 	308
f 259 	307 	308
f 261 	260 	309
f 260 	308 	309
f 262 	261 	310
f 261 	309 	310
f 263 	262 	311
f 262 	310 	311
f 264 	263 	312
f 263 	311 	312
f 265 	264 	313
f 264 	312 	313
f 266 	265 	314
f 265 	313 	314
f 267 	266 	315
f 266 	314 	315
f 268 	267 	316
f 267 	315 	316
f 269 	268 	317
f 268 	316 	317
f 270 	269 	318
f 269 	317 	318
f 271 	270 	319
f 270 	318 	319
f 272 	271 	320
f 271 	319 	320
f 273 	272 	321
f 272 	320 	321
f 274 	273 	322
f 273 	321 	322
f 275 	274 	323
f 274 	322 	323
f 276 	275 	324
f 275 	323 	324
f 277 	276 	325
f 276 	324 	325
f 278 	277 	326
f 277 	325 	326
f 279 	278 	327
f 278 	326 	327
f 280 	279 	328
f 279 	327 	328
f 281 	280 	329
f 280 	328 	329
f 282 	281 	330
f 281 	329 	330
f 283 	282 	331
f 282 	330 	331
f 284 	283 	332
f 283 	331 	332
f 285 	284 	333
f 284 	332 	333
f 286 	285 	334
f 285 	333 	334
f 287 	286 	335
f 286 	334 	335
f 288 	287 	336
f 287 	335 	336
f 289 	288 	337
f 288 	336 	337
f 290 	289 	338
f 289 	337 	338
f 291 	290 	339
f 290 	338 	339
f 292 	291 	340
f 291 	339 	340
f 293 	292 	341
f 292 	340 	341
f 294 	293 	342
f 293 	341 	342
f 295 	294 	343
f 294 	342 	343
f 296 	295 	344
f 295 	343 	344
f 297 	296 	345
f 296 	344 	345
f 298 	297 	346
f 297 	345 	346
f 299 	298 	347
f 298 	346 	347
f 253 	299 	301
f 299 	347 	301
f 300 	301 	348
f 301 	349 	348
f 302 	300 	350
f 300 	348 	350
f 303 	302 	351
f 302 	350 	351
f 304 	303 	352
f 303 	351 	352
f 305 	304 	353
f 304 	352 	353
f 306 	305 	354
f 305 	353 	354
f 307 	306 	355
f 306 	354 	355
f 308 	307 	356
f 307 	355 	356
f 309 	308 	357
f 308 	356 	357
f 310 	309 	358
f 309 	357 	358
f 311 	310 	359
f 310 	358 	359
f 312 	311 	360
f 311 	359 	360
f 313 	312 	361
f 312 	360 	361
f 314 	313 	362
f 313 	361 	362
f 315 	314 	363
f 314 	362 	363
f 316 	315 	364
f 315 	363 	364
f 317 	316 	365
f 316 	364 	365
f 318 	317 	366
f 317 	365 	366
f 319 	318 	367
f 318 	366 	367
f 320 	319 	368
f 319 	367 	368
f 321 	320 	369
f 320 	368 	369
f 322 	321 	370
f 321 	369 	370
f 323 	322 	371
f 322 	370 	371
f 324 	323 	372
f 323 	371 	372
f 325 	324 	373
f 324 	372 	373
f 326 	325 	374
f 325 	373 	374
f 327 	326 	375
f 326 	374 	375
f 328 	327 	376
f 327 	375 	376
f 329 	328 	377
f 328 	376 	377
f 330 	329 	378
f 329 	377 	378
f 331 	330 	379
f 330 	378 	379
f 332 	331 	380
f 331 	379 	380
f 333 	332 	381
f 332 	380 	381
f 334 	333 	382
f 333 	381 	382
f 335 	334 	383
f 334 	382 	383
f 336 	335 	384
f 335 	383 	384
f 337 	336 	385
f 336 	384 	385
f 338 	337 	386
f 337 	385 	386
f 339 	338 	387
f 338 	386 	387
f 340 	339 	388
f 339 	387 	388
f 341 	340 	389
f 340 	388 	389
f 342 	341 	390
f 341 	389 	390
f 343 	342 	391
f 342 	390 	391
f 344 	343 	392
f 343 	391 	392
f 345 	344 	393
f 344 	392 	393
f 346 	345 	394
f 345 	393 	394
f 347 	346 	395
f 346 	394 	395
f 301 	347 	349
f 347 	395 	349
f 348 	349 	396
f 349 	397 	396
f 350 	348 	398
f 348 	396 	398
f 351 	350 	399
f 350 	398 	399
f 352 	351 	400
f 351 	399 	400
f 353 	352 	401
f 352 	400 	401
f 354 	353 	402
f 353 	401 	402
f 355 	354 	403
f 354 	402 	403
f 356 	355 	404
f 355 	403 	404
f 357 	356 	405
f 356 	404 	405
f 358 	357 	406
f 357 	405 	406
f 359 	358 	407
f 358 	406 	407
f 360 	359 	408
f 359 	407 	408
f 361 	360 	409
f 360 	408 	409
f 362 	361 	410
f 361 	409 	410
f 363 	362 	411
f 362 	410 	411
f 364 	363 	412
f 363 	411 	412
f 365 	364 	413
f 364 	412 	413
f 366 	365 	414
f 365 	413 	414
f 367 	366 	415
f 366 	414 	415
f 368 	367 	416
f 367 	415 	416
f 369 	368 	417
f 368 	416 	417
f 370 	369 	418
f 369 	417 	418
f 371 	370 	419
f 370 	418 	419
f 372 	371 	420
f 371 	419 	420
f 373 	372 	421
f 372 	420 	421
f 374 	373 	422
f 373 	421 	422
f 375 	374 	423
f 374 	422 	423
f 376 	375 	424
f 375 	423 	424
f 377 	376 	425
f 376 	424 	425
f 378 	377 	426
f 377 	425 	426
f 379 	378 	427
f 378 	426 	427
f 380 	379 	428
f 379 	427 	428
f 381 	380 	429
f 380 	428 	429
f 382 	381 	430
f 381 	429 	430
f 383 	382 	431
f 382 	430 	431
f 384 	383 	432
f 383 	431 	432
f 385 	384 	433
f 384 	432 	433
f 386 	385 	434
f 385 	433 	434
f 387 	386 	435
f 386 	434 	435
f 388 	387 	436
f 387 	435 	436
f 389 	388 	437
f 388 	436 	437
f 390 	389 	438
f 389 	437 	438
f 391 	390 	439
f 390 	438 	439
f 392 	391 	440
f 391 	439 	440
f 393 	392 	441
f 392 	440 	441
f 394 	393 	442
f 393 	441 	442
f 395 	394 	443
f 394 	442 	443
f 349 	395 	397
f 395 	443 	397
f 396 	397 	444
f 397 	445 	444
f 398 	396 	446
f 396 	444 	446
f 399 	398 	447
f 398 	446 	447
f 400 	399 	448
f 399 	447 	448
f 401 	400 	449
f 400 	448 	449
f 402 	401 	450
f 401 	449 	450
f 403 	402 	451
f 402 	450 	451
f 404 	403 	452
f 403 	451 	452
f 405 	404 	453
f 404 	452 	453
f 406 	405 	454
f 405 	453 	454
f 407 	406 	455
f 406 	454 	455
f 408 	407 	456
f 407 	455 	456
f 409 	408 	457
f 408 	456 	457
f 410 	409 	458
f 409 	457 	458
f 411 	410 	459
f 410 	458 	459
f 412 	411 	460
f 411 	459 	460
f 413 	412 	461
f 412 	460 	461
f 414 	413 	462
f 413 	461 	462
f 415 	414 	463
f 414 	462 	463
f 416 	415 	464
f 415 	463 	464
f 417 	416 	465
f 416 	464 	465
f 418 	417 	466
f 417 	465 	466
f 419 	418 	467
f 418 	466 	467
f 420 	419 	468
f 419 	467 	468
f 421 	420 	469
f 420 	468 	469
f 422 	421 	470
f 421 	469 	470
f 423 	422 	471
f 422 	470 	471
f 424 	423 	472
f 423 	471 	472
f 425 	424 	473
f 424 	472 	473
f 426 	425 	474
f 425 	473 	474
f 427 	426 	475
f 426 	474 	475
f 428 	427 	476
f 427 	475 	476
f 429 	428 	477
f 428 	476 	477
f 430 	429 	478
f 429 	477 	478
f 431 	430 	479
f 430 	478 	479
f 432 	431 	480
f 431 	479 	480
f 433 	432 	481
f 432 	480 	481
f 434 	433 	482
f 433 	481 	482
f 435 	434 	483
f 434 	482 	483
f 436 	435 	484
f 435 	483 	484
f 437 	436 	485
f 436 	484 	485
f 438 	437 	486
f 437 	485 	486
f 439 	438 	487
f 438 	486 	487
f 440 	439 	488
f 439 	487 	488
f 441 	440 	489
f 440 	488 	489
f 442 	441 	490
f 441 	489 	490
f 443 	442 	491
f 442 	490 	491
f 397 	443 	445
f 443 	491 	445
f 444 	445 	492
f 445 	493 	492
f 446 	444 	494
f 444 	492 	494
f 447 	446 	495
f 446 	494 	495
f 448 	447 	496
f 447 	495 	496
f 449 	448 	497
f 448 	496 	497
f 450 	449 	498
f 449 	497 	498
f 451 	450 	499
f 450 	498 	499
f 452 	451 	500
f 451 	499 	500
f 453 	452 	501
f 452 	500 	501
f 454 	453 	502
f 453 	501 	502
f 455 	454 	503
f 454 	502 	503
f 456 	455 	504
f 455 	503 	504
f 457 	456 	505
f 456 	504 	505
f 458 	457 	506
f 457 	505 	506
f 459 	458 	507
f 458 	506 	507
f 460 	459 	508
f 459 	507 	508
f 461 	460 	509
f 460 	508 	509
f 462 	461 	510
f 461 	509 	510
f 463 	462 	511
f 462 	510 	511
f 464 	463 	512
f 463 	511 	512
f 465 	464 	513
f 464 	512 	513
f 466 	465 	514
f 465 	513 	514
f 467 	466 	515
f 466 	514 	515
f 468 	467 	516
f 467 	515 	516
f 469 	468 	517
f 468 	516 	517
f 470 	469 	518
f 469 	517 	518
f 471 	470 	519
f 470 	518 	519
f 472 	471 	520
f 471 	519 	520
f 473 	472 	521
f 472 	520 	521
f 474 	473 	522
f 473 	521 	522
f 475 	474 	523
f 474 	522 	523
f 476 	475 	524
f 475 	523 	524
f 477 	476 	525
f 476 	524 	525
f 478 	477 	526
f 477 	525 	526
f 479 	478 	527
f 478 	526 	527
f 480 	479 	528
f 479 	527 	528
f 481 	480 	529
f 480 	528 	529
f 482 	481 	530
f 481 	529 	530
f 483 	482 	531
f 482 	530 	531
f 484 	483 	532
f 483 	531 	532
f 485 	484 	533
f 484 	532 	533
f 486 	485 	534
f 485 	533 	534
f 487 	486 	535
f 486 	534 	535
f 488 	487 	536
f 487 	535 	536
f 489 	488 	537
f 488 	536 	537
f 490 	489 	538
f 489 	537 	538
f 491 	490 	539
f 490 	538 	539
f 445 	491 	493
f 491 	539 	493
f 492 	493 	540
f 493 	541 	540
f 494 	492 	542
f 492 	540 	542
f 495 	494 	543
f 494 	542 	543
f 496 	495 	544
f 495 	543 	544
f 497 	496 	545
f 496 	544 	545
f 498 	497 	546
f 497 	545 	546
f 499 	498 	547
f 498 	546 	547
f 500 	499 	548
f 499 	547 	548
f 501 	500 	549
f 500 	548 	549
f 502 	501 	550
f 501 	549 	550
f 503 	502 	551
f 502 	550 	551
f 504 	503 	552
f 503 	551 	552
f 505 	504 	553
f 504 	552 	553
f 506 	505 	554
f 505 	553 	554
f 507 	506 	555
f 506 	554 	555
f 508 	507 	556
f 507 	555 	556
f 509 	508 	557
f 508 	556 	557
f 510 	509 	558
f 509 	557 	558
f 511 	510 	559
f 510 	558 	559
f 512 	511 	560
f 511 	559 	560
f 513 	512 	561
f 512 	560 	561
f 514 	513 	562
f 513 	561 	562
f 515 	514 	563
f 514 	562 	563
f 516 	515 	564
f 515 	563 	564
f 517 	516 	565
f 516 	564 	565
f 518 	517 	566
f 517 	565 	566
f 519 	518 	567
f 518 	566 	567
f 520 	519 	568
f 519 	567 	568
f 521 	520 	569
f 520 	568 	569
f 522 	521 	570
f 521 	569 	570
f 523 	522 	571
f 522 	570 	571
f 524 	523 	572
f 523 	571 	572
f 525 	524 	573
f 524 	572 	573
f 526 	525 	574
f 525 	573 	574
f 527 	526 	575
f 526 	574 	575
f 528 	527 	576
f 527 	575 	576
f 529 	528 	577
f 528 	576 	577
f 530 	529 	578
f 529 	577 	578
f 531 	530 	579
f 530 	578 	579
f 532 	531 	580
f 531 	579 	580
f 533 	532 	581
f 532 	580 	581
f 534 	533 	582
f 533 	581 	582
f 535 	534 	583
f 534 	582 	583
f 536 	535 	584
f 535 	583 	584
f 537 	536 	585
f 536 	584 	585
f 538 	537 	586
f 537 	585 	586
f 539 	538 	587
f 538 	586 	587
f 493 	539 	541
f 539 	587 	541
f 540 	541 	588
f 541 	589 	588
f 542 	540 	590
f 540 	588 	590
f 543 	542 	591
f 542 	590 	591
f 544 	543 	592
f 543 	591 	592
f 545 	544 	593
f 544 	592 	593
f 546 	545 	594
f 545 	593 	594
f 547 	546 	595
f 546 	594 	595
f 548 	547 	596
f 547 	595 	596
f 549 	548 	597
f 548 	596 	597
f 550 	549 	598
f 549 	597 	598
f 551 	550 	599
f 550 	598 	599
f 552 	551 	600
f 551 	599 	600
f 553 	552 	601
f 552 	600 	601
f 554 	553 	602
f 553 	601 	602
f 555 	554 	603
f 554 	602 	603
f 556 	555 	604
f 555 	603 	604
f 557 	556 	605
f 556 	604 	605
f 558 	557 	606
f 557 	605 	606
f 559 	558 	607
f 558 	606 	607
f 560 	559 	608
f 559 	607 	608
f 561 	560 	609
f 560 	608 	609
f 562 	561 	610
f 561 	609 	610
f 563 	562 	611
f 562 	610 	611
f 564 	563 	612
f 563 	611 	612
f 565 	564 	613
f 564 	612 	613
f 566 	565 	614
f 565 	613 	614
f 567 	566 	615
f 566 	614 	615
f 568 	567 	616
f 567 	615 	616
f 569 	568 	617
f 568 	616 	617
f 570 	569 	618
f 569 	617 	618
f 571 	570 	619
f 570 	618 	619
f 572 	571 	620
f 571 	619 	620
f 573 	572 	621
f 572 	620 	621
f 574 	573 	622
f 573 	621 	622
f 575 	574 	623
f 574 	622 	623
f 576 	575 	624
f 575 	623 	624
f 577 	576 	625
f 576 	624 	625
f 578 	577 	626
f 577 	625 	626
f 579 	578 	627
f 578 	626 	627
f 580 	579 	628
f 579 	627 	628
f 581 	580 	629
f 580 	628 	629
f 582 	581 	630
f 581 	629 	630
f 583 	582 	631
f 582 	630 	631
f 584 	583 	632
f 583 	631 	632
f 585 	584 	633
f 584 	632 	633
f 586 	585 	634
f 585 	633 	634
f 587 	586 	635
f 586 	634 	635
f 541 	587 	589
f 587 	635 	589
f 588 	589 	636
f 589 	637 	636
f 590 	588 	638
f 588 	636 	638
f 591 	590 	639
f 590 	638 	639
f 592 	591 	640
f 591 	639 	640
f 593 	592 	641
f 592 	640 	641
f 594 	593 	642
f 593 	641 	642
f 595 	594 	643
f 594 	642 	643
f 596 	595 	644
f 595 	643 	644
f 597 	596 	645
f 596 	644 	645
f 598 	597 	646
f 597 	645 	646
f 599 	598 	647
f 598 	646 	647
f 600 	599 	648
f 599 	647 	648
f 601 	600 	649
f 600 	648 	649
f 602 	601 	650
f 601 	649 	650
f 603 	602 	651
f 602 	650 	651
f 604 	603 	652
f 603 	651 	652
f 605 	604 	653
f 604 	652 	653
f 606 	605 	654
f 605 	653 	654
f 607 	606 	655
f 606 	654 	655
f 608 	607 	656
f 607 	655 	656
f 609 	608 	657
f 608 	656 	657
f 610 	609 	658
f 609 	657 	658
f 611 	610 	659
f 610 	658 	659
f 612 	611 	660
f 611 	659 	660
f 613 	612 	661
f 612 	660 	661
f 614 	613 	662
f 613 	661 	662
f 615 	614 	663
f 614 	662 	663
f 616 	615 	664
f 615 	663 	664
f 617 	616 	665
f 616 	664 	665
f 618 	617 	666
f 617 	665 	666
f 619 	618 	667
f 618 	666 	667
f 620 	619 	668
f 619 	667 	668
f 621 	620 	669
f 620 	668 	669
f 622 	621 	670
f 621 	669 	670
f 623 	622 	671
f 622 	670 	671
f 624 	623 	672
f 623 	671 	672
f 625 	624 	673
f 624 	672 	673
f 626 	625 	674
f 625 	673 	674
f 627 	626 	675
f 626 	674 	675
f 628 	627 	676
f 627 	675 	676
f 629 	628 	677
f 628 	676 	677
f 630 	629 	678
f 629 	677 	678
f 631 	630 	679
f 630 	678 	679
f 632 	631 	680
f 631 	679 	680
f 633 	632 	681
f 632 	680 	681
f 634 	633 	682
f 633 	681 	682
f 635 	634 	683
f 634 	682 	683
f 589 	635 	637
f 635 	683 	637
f 636 	637 	684
f 637 	685 	684
f 638 	636 	686
f 636 	684 	686
f 639 	638 	687
f 638 	686 	687
f 640 	639 	688
f 639 	687 	688
f 641 	640 	689
f 640 	688 	689
f 642 	641 	690
f 641 	689 	690
f 643 	642 	691
f 642 	690 	691
f 644 	643 	692
f 643 	691 	692
f 645 	644 	693
f 644 	692 	693
f 646 	645 	694
f 645 	693 	694
f 647 	646 	695
f 646 	694 	695
f 648 	647 	696
f 647 	695 	696
f 649 	648 	697
f 648 	696 	697
f 650 	649 	698
f 649 	697 	698
f 651 	650 	699
f 650 	698 	699
f 652 	651 	700
f 651 	699 	700
f 653 	652 	701
f 652 	700 	701
f 654 	653 	702
f 653 	701 	702
f 655 	654 	703
f 654 	702 	703
f 656 	655 	704
f 655 	703 	704
f 657 	656 	705
f 656 	704 	705
f 658 	657 	706
f 657 	705 	706
f 659 	658 	707
f 658 	706 	707
f 660 	659 	708
f 659 	707 	708
f 661 	660 	709
f 660 	708 	709
f 662 	661 	710
f 661 	709 	710
f 663 	662 	711
f 662 	710 	711
f 664 	663 	712
f 663 	711 	712
f 665 	664 	713
f 664 	712 	713
f 666 	665 	714
f 665 	713 	714
f 667 	666 	715
f 666 	714 	715
f 668 	667 	716
f 667 	715 	716
f 669 	668 	717
f 668 	716 	717
f 670 	669 	718
f 669 	717 	718
f 671 	670 	719
f 670 	718 	719
f 672 	671 	720
f 671 	719 	720
f 673 	672 	721
f 672 	720 	721
f 674 	673 	722
f 673 	721 	722
f 675 	674 	723
f 674 	722 	723
f 676 	675 	724
f 675 	723 	724
f 677 	676 	725
f 676 	724 	725
f 678 	677 	726
f 677 	725 	726
f 679 	678 	727
f 678 	726 	727
f 680 	679 	728
f 679 	727 	728
f 681 	680 	729
f 680 	728 	729
f 682 	681 	730
f 681 	729 	730
f 683 	682 	731
f 682 	730 	731
f 637 	683 	685
f 683 	731 	685
f 684 	685 	732
f 685 	733 	732
f 686 	684 	734
f 684 	732 	734
f 687 	686 	735
f 686 	734 	735
f 688 	687 	736
f 687 	735 	736
f 689 	688 	737
f 688 	736 	737
f 690 	689 	738
f 689 	737 	738
f 691 	690 	739
f 690 	738 	739
f 692 	691 	740
f 691 	739 	740
f 693 	692 	741
f 692 	740 	741
f 694 	693 	742
f 693 	741 	742
f 695 	694 	743
f 694 	742 	743
f 696 	695 	744
f 695 	743 	744
f 697 	696 	745
f 696 	744 	745
f 698 	697 	746
f 697 	745 	746
f 699 	698 	747
f 698 	746 	747
f 700 	699 	748
f 699 	747 	748
f 701 	700 	749
f 700 	748 	749
f 702 	701 	750
f 701 	749 	750
f 703 	702 	751
f 702 	750 	751
f 704 	703 	752
f 703 	751 	752
f 705 	704 	753
f 704 	752 	753
f 706 	705 	754
f 705 	753 	754
f 707 	706 	755
f 706 	754 	755
f 708 	707 	756
f 707 	755 	756
f 709 	708 	757
f 708 	756 	757
f 710 	709 	758
f 709 	757 	758
f 711 	710 	759
f 710 	758 	759
f 712 	711 	760
f 711 	759 	760
f 713 	712 	761
f 712 	760 	761
f 714 	713 	762
f 713 	761 	762
f 715 	714 	763
f 714 	762 	763
f 716 	715 	764
f 715 	763 	764
f 717 	716 	765
f 716 	764 	765
f 718 	717 	766
f 717 	765 	766
f 719 	718 	767
f 718 	766 	767
f 720 	719 	768
f 719 	767 	768
f 721 	720 	769
f 720 	768 	769
f 722 	721 	770
f 721 	769 	770
f 723 	722 	771
f 722 	770 	771
f 724 	723 	772
f 723 	771 	772
f 725 	724 	773
f 724 	772 	773
f 726 	725 	774
f 725 	773 	774
f 727 	726 	775
f 726 	774 	775
f 728 	727 	776
f 727 	775 	776
f 729 	728 	777
f 728 	776 	777
f 730 	729 	778
f 729 	777 	778
f 731 	730 	779
f 730 	778 	779
f 685 	731 	733
f 731 	779 	733
f 732 	733 	780
f 733 	781 	780
f 734 	732 	782
f 732 	780 	782
f 735 	734 	783
f 734 	782 	783
f 736 	735 	784
f 735 	783 	784
f 737 	736 	785
f 736 	784 	785
f 738 	737 	786
f 737 	785 	786
f 739 	738 	787
f 738 	786 	787
f 740 	739 	788
f 739 	787 	788
f 741 	740 	789
f 740 	788 	789
f 742 	741 	790
f 741 	789 	790
f 743 	742 	791
f 742 	790 	791
f 744 	743 	792
f 743 	791 	792
f 745 	744 	793
f 744 	792 	793
f 746 	745 	794
f 745 	793 	794
f 747 	746 	795
f 746 	794 	795
f 748 	747 	796
f 747 	795 	796
f 749 	748 	797
f 748 	796 	797
f 750 	749 	798
f 749 	797 	798
f 751 	750 	799
f 750 	798 	799
f 752 	751 	800
f 751 	799 	800
f 753 	752 	801
f 752 	800 	801
f 754 	753 	802
f 753 	801 	802
f 755 	754 	803
f 754 	802 	803
f 756 	755 	804
f 755 	803 	804
f 757 	756 	805
f 756 	804 	805
f 758 	757 	806
f 757 	805 	806
f 759 	758 	807
f 758 	806 	807
f 760 	759 	808
f 759 	807 	808
f 761 	760 	809
f 760 	808 	809
f 762 	761 	810
f 761 	809 	810
f 763 	762 	811
f 762 	810 	811
f 764 	763 	812
f 763 	811 	812
f 765 	764 	813
f 764 	812 	813
f 766 	765 	814
f 765 	813 	814
f 767 	766 	815
f 766 	814 	815
f 768 	767 	816
f 767 	815 	816
f 769 	768 	817
f 768 	816 	817
f 770 	769 	818
f 769 	817 	818
f 771 	770 	819
f 770 	818 	819
f 772 	771 	820
f 771 	819 	820
f 773 	772 	821
f 772 	820 	821
f 774 	773 	822
f 773 	821 	822
f 775 	774 	823
f 774 	822 	823
f 776 	775 	824
f 775 	823 	824
f 777 	776 	825
f 776 	824 	825
f 778 	777 	826
f 777 	825 	826
f 779 	778 	827
f 778 	826 	827
f 733 	779 	781
f 779 	827 	781
f 780 	781 	828
f 781 	829 	828
f 782 	780 	830
f 780 	828 	830
f 783 	782 	831
f 782 	830 	831
f 784 	783 	832
f 783 	831 	832
f 785 	784 	833
f 784 	832 	833
f 786 	785 	834
f 785 	833 	834
f 787 	786 	835
f 786 	834 	835
f 788 	787 	836
f 787 	835 	836
f 789 	788 	837
f 788 	836 	837
f 790 	789 	838
f 789 	837 	838
f 791 	790 	839
f 790 	838 	839
f 792 	791 	840
f 791 	839 	840
f 793 	792 	841
f 792 	840 	841
f 794 	793 	842
f 793 	841 	842
f 795 	794 	843
f 794 	842 	843
f 796 	795 	844
f 795 	843 	844
f 797 	796 	845
f 796 	844 	845
f 798 	797 	846
f 797 	845 	846
f 799 	798 	847
f 798 	846 	847
f 800 	799 	848
f 799 	847 	848
f 801 	800 	849
f 800 	848 	849
f 802 	801 	850
f 801 	849 	850
f 803 	802 	851
f 802 	850 	851
f 804 	803 	852
f 803 	851 	852
f 805 	804 	853
f 804 	852 	853
f 806 	805 	854
f 805 	853 	854
f 807 	806 	855
f 806 	854 	855
f 808 	807 	856
f 807 	855 	856
f 809 	808 	857
f 808 	856 	857
f 810 	809 	858
f 809 	857 	858
f 811 	810 	859
f 810 	858 	859
f 812 	811 	860
f 811 	859 	860
f 813 	812 	861
f 812 	860 	861
f 814 	813 	862
f 813 	861 	862
f 815 	814 	863
f 814 	862 	863
f 816 	815 	864
f 815 	863 	864
f 817 	816 	865
f 816 	864 	865
f 818 	817 	866
f 817 	865 	866
f 819 	818 	867
f 818 	866 	867
f 820 	819 	868
f 819 	867 	868
f 821 	820 	869
f 820 	868 	869
f 822 	821 	870
f 821 	869 	870
f 823 	822 	871
f 822 	870 	871
f 824 	823 	872
f 823 	871 	872
f 825 	824 	873
f 824 	872 	873
f 826 	825 	874
f 825 	873 	874
f 827 	826 	875
f 826 	874 	875
f 781 	827 	829
f 827 	875 	829
f 828 	829 	876
f 829 	877 	876
f 830 	828 	878
f 828 	876 	878
f 831 	830 	879
f 830 	878 	879
f 832 	831 	880
f 831 	879 	880
f 833 	832 	881
f 832 	880 	881
f 834 	833 	882
f 833 	881 	882
f 835 	834 	883
f 834 	882 	883
f 836 	835 	884
f 835 	883 	884
f 837 	836 	885
f 836 	884 	885
f 838 	837 	886
f 837 	885 	886
f 839 	838 	887
f 838 	886 	887
f 840 	839 	888
f 839 	887 	888
f 841 	840 	889
f 840 	888 	889
f 842 	841 	890
f 841 	889 	890
f 843 	842 	891
f 842 	890 	891
f 844 	843 	892
f 843 	891 	892
f 845 	844 	893
f 844 	892 	893
f 846 	845 	894
f 845 	893 	894
f 847 	846 	895
f 846 	894 	895
f 848 	847 	896
f 847 	895 	896
f 849 	848 	897
f 848 	896 	897
f 850 	849 	898
f 849 	897 	898
f 851 	850 	899
f 850 	898 	899
f 852 	851 	900
f 851 	899 	900
f 853 	852 	901
f 852 	900 	901
f 854 	853 	902
f 853 	901 	902
f 855 	854 	903
f 854 	902 	903
f 856 	855 	904
f 855 	903 	904
f 857 	856 	905
f 856 	904 	905
f 858 	857 	906
f 857 	905 	906
f 859 	858 	907
f 858 	906 	907
f 860 	859 	908
f 859 	907 	908
f 861 	860 	909
f 860 	908 	909
f 862 	861 	910
f 861 	909 	910
f 863 	862 	911
f 862 	910 	911
f 864 	863 	912
f 863 	911 	912
f 865 	864 	913
f 864 	912 	913
f 866 	865 	914
f 865 	913 	914
f 867 	866 	915
f 866 	914 	915
f 868 	867 	916
f 867 	915 	916
f 869 	868 	917
f 868 	916 	917
f 870 	869 	918
f 869 	917 	918
f 871 	870 	919
f 870 	918 	919
f 872 	871 	920
f 871 	919 	920
f 873 	872 	921
f 872 	920 	921
f 874 	873 	922
f 873 	921 	922
f 875 	874 	923
f 874 	922 	923
f 829 	875 	877
f 875 	923 	877
f 876 	877 	924
f 877 	925 	924
f 878 	876 	926
f 876 	924 	926
f 879 	878 	927
f 878 	926 	927
f 880 	879 	928
f 879 	927 	928
f 881 	880 	929
f 880 	928 	929
f 882 	881 	930
f 881 	929 	930
f 883 	882 	931
f 882 	930 	931
f 884 	883 	932
f 883 	931 	932
f 885 	884 	933
f 884 	932 	933
f 886 	885 	934
f 885 	933 	934
f 887 	886 	935
f 886 	934 	935
f 888 	887 	936
f 887 	935 	936
f 889 	888 	937
f 888 	936 	937
f 890 	889 	938
f 889 	937 	938
f 891 	890 	939
f 890 	938 	939
f 892 	891 	940
f 891 	939 	940
f 893 	892 	941
f 892 	940 	941
f 894 	893 	942
f 893 	941 	942
f 895 	894 	943
f 894 	942 	943
f 896 	895 	944
f 895 	943 	944
f 897 	896 	945
f 896 	944 	945
f 898 	897 	946
f 897 	945 	946
f 899 	898 	947
f 898 	946 	947
f 900 	899 	948
f 899 	947 	948
f 901 	900 	949
f 900 	948 	949
f 902 	901 	950
f 901 	949 	950
f 903 	902 	951
f 902 	950 	951
f 904 	903 	952
f 903 	951 	952
f 905 	904 	953
f 904 	952 	953
f 906 	905 	954
f 905 	953 	954
f 907 	906 	955
f 906 	954 	955
f 908 	907 	956
f 907 	955 	956
f 909 	908 	957
f 908 	956 	957
f 910 	909 	958
f 909 	957 	958
f 911 	910 	959
f 910 	958 	959
f 912 	911 	960
f 911 	959 	960
f 913 	912 	961
f 912 	960 	961
f 914 	913 	962
f 913 	961 	962
f 915 	914 	963
f 914 	962 	963
f 916 	915 	964
f 915 	963 	964
f 917 	916 	965
f 916 	964 	965
f 918 	917 	966
f 917 	965 	966
f 919 	918 	967
f 918 	966 	967
f 920 	919 	968
f 919 	967 	968
f 921 	920 	969
f 920 	968 	969
f 922 	921 	970
f 921 	969 	970
f 923 	922 	971
f 922 	970 	971
f 877 	923 	925
f 923 	971 	925
f 924 	925 	972
f 925 	973 	972
f 926 	924 	974
f 924 	972 	974
f 927 	926 	975
f 926 	974 	975
f 928 	927 	976
f 927 	975 	976
f 929 	928 	977
f 928 	976 	977
f 930 	929 	978
f 929 	977 	978
f 931 	930 	979
f 930 	978 	979
f 932 	931 	980
f 931 	979 	980
f 933 	932 	981
f 932 	980 	981
f 934 	933 	982
f 933 	981 	982
f 935 	934 	983
f 934 	982 	983
f 936 	935 	984
f 935 	983 	984
f 937 	936 	985
f 936 	984 	985
f 938 	937 	986
f 937 	985 	986
f 939 	938 	987
f 938 	986 	987
f 940 	939 	988
f 939 	987 	988
f 941 	940 	989
f 940 	988 	989
f 942 	941 	990
f 941 	989 	990
f 943 	942 	991
f 942 	990 	991
f 944 	943 	992
f 943 	991 	992
f 945 	944 	993
f 944 	992 	993
f 946 	945 	994
f 945 	993 	994
f 947 	946 	995
f 946 	994 	995
f 948 	947 	996
f 947 	995 	996
f 949 	948 	997
f 948 	996 	997
f 950 	949 	998
f 949 	997 	998
f 951 	950 	999
f 950 	998 	999
f 952 	951 	1000
f 951 	999 	1000
f 953 	952 	1001
f 952 	1000 	1001
f 954 	953 	1002
f 953 	1001 	1002
f 955 	954 	1003
f 954 	1002 	1003
f 956 	955 	1004
f 955 	1003 	1004
f 957 	956 	1005
f 956 	1004 	1005
f 958 	957 	1006
f 957 	1005 	1006
f 959 	958 	1007
f 958 	1006 	1007
f 960 	959 	1008
f 959 	1007 	1008
f 961 	960 	1009
f 960 	1008 	1009
f 962 	961 	1010
f 961 	1009 	1010
f 963 	962 	1011
f 962 	1010 	1011
f 964 	963 	1012
f 963 	1011 	1012
f 965 	964 	1013
f 964 	1012 	1013
f 966 	965 	1014
f 965 	1013 	1014
f 967 	966 	1015
f 966 	1014 	1015
f 968 	967 	1016
f 967 	1015 	1016
f 969 	968 	1017
f 968 	1016 	1017
f 970 	969 	1018
f 969 	1017 	1018
f 971 	970 	1019
f 970 	1018 	1019
f 925 	971 	973
f 971 	1019 	973
f 972 	973 	1020
f 973 	1021 	1020
f 974 	972 	1022
f 972 	1020 	1022
f 975 	974 	1023
f 974 	1022 	1023
f 976 	975 	1024
f 975 	1023 	1024
f 977 	976 	1025
f 976 	1024 	1025
f 978 	977 	1026
f 977 	1025 	1026
f 979 	978 	1027
f 978 	1026 	1027
f 980 	979 	1028
f 979 	1027 	1028
f 981 	980 	1029
f 980 	1028 	1029
f 982 	981 	1030
f 981 	1029 	1030
f 983 	982 	1031
f 982 	1030 	1031
f 984 	983 	1032
f 983 	1031 	1032
f 985 	984 	1033
f 984 	1032 	1033
f 986 	985 	1034
f 985 	1033 	1034
f 987 	986 	1035
f 986 	1034 	1035
f 988 	987 	1036
f 987 	1035 	1036
f 989 	988 	1037
f 988 	1036 	1037
f 990 	989 	1038
f 989 	1037 	1038
f 991 	990 	1039
f 990 	1038 	1039
f 992 	991 	1040
f 991 	1039 	1040
f 993 	992 	1041
f 992 	1040 	1041
f 994 	993 	1042
f 993 	1041 	1042
f 995 	994 	1043
f 994 	1042 	1043
f 996 	995 	1044
f 995 	1043 	1044
f 997 	996 	1045
f 996 	1044 	1045
f 998 	997 	1046
f 997 	1045 	1046
f 999 	998 	1047
f 998 	1046 	1047
f 1000 	999 	1048
f 999 	1047 	1048
f 1001 	1000 	1049
f 1000 	1048 	1049
f 1002 	1001 	1050
f 1001 	1049 	1050
f 1003 	1002 	1051
f 1002 	1050 	1051
f 1004 	1003 	1052
f 1003 	1051 	1052
f 1005 	1004 	1053
f 1004 	1052 	1053
f 1006 	1005 	1054
f 1005 	1053 	1054
f 1007 	1006 	1055
f 1006 	1054 	1055
f 1008 	1007 	1056
f 1007 	1055 	1056
f 1009 	1008 	1057
f 1008 	1056 	1057
f 1010 	1009 	1058
f 1009 	1057 	1058
f 1011 	1010 	1059
f 1010 	1058 	1059
f 1012 	1011 	1060
f 1011 	1059 	1060
f 1013 	1012 	1061
f 1012 	1060 	1061
f 1014 	1013 	1062
f 1013 	1061 	1062
f 1015 	1014 	1063
f 1014 	1062 	1063
f 1016 	1015 	1064
f 1015 	1063 	1064
f 1017 	1016 	1065
f 1016 	1064 	1065
f 1018 	1017 	1066
f 1017 	1065 	1066
f 1019 	1018 	1067
f 1018 	1066 	1067
f 973 	1019 	1021
f 1019 	1067 	1021
f 1020 	1021 	1068
f 1021 	1069 	1068
f 1022 	1020 	1070
f 1020 	1068 	1070
f 1023 	1022 	1071
f 1022 	1070 	1071
f 1024 	1023 	1072
f 1023 	1071 	1072
f 1025 	1024 	1073
f 1024 	1072 	1073
f 1026 	1025 	1074
f 1025 	1073 	1074
f 1027 	1026 	1075
f 1026 	1074 	1075
f 1028 	1027 	1076
f 1027 	1075 	1076
f 1029 	1028 	1077
f 1028 	1076 	1077
f 1030 	1029 	1078
f 1029 	1077 	1078
f 1031 	1030 	1079
f 1030 	1078 	1079
f 1032 	1031 	1080
f 1031 	1079 	1080
f 1033 	1032 	1081
f 1032 	1080 	1081
f 1034 	1033 	1082
f 1033 	1081 	1082
f 1035 	1034 	1083
f 1034 	1082 	1083
f 1036 	1035 	1084
f 1035 	1083 	1084
f 1037 	1036 	1085
f 1036 	1084 	1085
f 1038 	1037 	1086
f 1037 	1085 	1086
f 1039 	1038 	1087
f 1038 	1086 	1087
f 1040 	1039 	1088
f 1039 	1087 	1088
f 1041 	1040 	1089
f 1040 	1088 	1089
f 1042 	1041 	1090
f 1041 	1089 	1090
f 1043 	1042 	1091
f 1042 	1090 	1091
f 1044 	1043 	1092
f 1043 	1091 	1092
f 1045 	1044 	1093
f 1044 	1092 	1093
f 1046 	1045 	1094
f 1045 	1093 	1094
f 1047 	1046 	1095
f 1046 	1094 	1095
f 1048 	1047 	1096
f 1047 	1095 	1096
f 1049 	1048 	1097
f 1048 	1096 	1097
f 1050 	1049 	1098
f 1049 	1097 	1098
f 1051 	1050 	1099
f 1050 	1098 	1099
f 1052 	1051 	1100
f 1051 	1099 	1100
f 1053 	1052 	1101
f 1052 	1100 	1101
f 1054 	1053 	1102
f 1053 	1101 	1102
f 1055 	1054 	1103
f 1054 	1102 	1103
f 1056 	1055 	1104
f 1055 	1103 	1104
f 1057 	1056 	1105
f 1056 	1104 	1105
f 1058 	1057 	1106
f 1057 	1105 	1106
f 1059 	1058 	1107
f 1058 	1106 	1107
f 1060 	1059 	1108
f 1059 	1107 	1108
f 1061 	1060 	1109
f 1060 	1108 	1109
f 1062 	1061 	1110
f 1061 	1109 	1110
f 1063 	1062 	1111
f 1062 	1110 	1111
f 1064 	1063 	1112
f 1063 	1111 	1112
f 1065 	1064 	1113
f 1064 	1112 	1113
f 1066 	1065 	1114
f 1065 	1113 	1114
f 1067 	1066 	1115
f 1066 	1114 	1115
f 1021 	1067 	1069
f 1067 	1115 	1069
f 1068 	1069 	1116
f 1069 	1117 	1116
f 1070 	1068 	1118
f 1068 	1116 	1118
f 1071 	1070 	1119
f 1070 	1118 	1119
f 1072 	1071 	1120
f 1071 	1119 	1120
f 1073 	1072 	1121
f 1072 	1120 	1121
f 1074 	1073 	1122
f 1073 	1121 	1122
f 1075 	1074 	1123
f 1074 	1122 	1123
f 1076 	1075 	1124
f 1075 	1123 	1124
f 1077 	1076 	1125
f 1076 	1124 	1125
f 1078 	1077 	1126
f 1077 	1125 	1126
f 1079 	1078 	1127
f 1078 	1126 	1127
f 1080 	1079 	1128
f 1079 	1127 	1128
f 1081 	1080 	1129
f 1080 	1128 	1129
f 1082 	1081 	1130
f 1081 	1129 	1130
f 1083 	1082 	1131
f 1082 	1130 	1131
f 1084 	1083 	1132
f 1083 	1131 	1132
f 1085 	1084 	1133
f 1084 	1132 	1133
f 1086 	1085 	1134
f 1085 	1133 	1134
f 1087 	1086 	1135
f 1086 	1134 	1135
f 1088 	1087 	1136
f 1087 	1135 	1136
f 1089 	1088 	1137
f 1088 	1136 	1137
f 1090 	1089 	1138
f 1089 	1137 	1138
f 1091 	1090 	1139
f 1090 	1138 	1139
f 1092 	1091 	1140
f 1091 	1139 	1140
f 1093 	1092 	1141
f 1092 	1140 	1141
f 1094 	1093 	1142
f 1093 	1141 	1142
f 1095 	1094 	1143
f 1094 	1142 	1143
f 1096 	1095 	1144
f 1095 	1143 	1144
f 1097 	1096 	1145
f 1096 	1144 	1145
f 1098 	1097 	1146
f 1097 	1145 	1146
f 1099 	1098 	1147
f 1098 	1146 	1147
f 1100 	1099 	1148
f 1099 	1147 	1148
f 1101 	1100 	1149
f 1100 	1148 	1149
f 1102 	1101 	1150
f 1101 	1149 	1150
f 1103 	1102 	1151
f 1102 	1150 	1151
f 1104 	1103 	1152
f 1103 	1151 	1152
f 1105 	1104 	1153
f 1104 	1152 	1153
f 1106 	1105 	1154
f 1105 	1153 	1154
f 1107 	1106 	1155
f 1106 	1154 	1155
f 1108 	1107 	1156
f 1107 	1155 	1156
f 1109 	1108 	1157
f 1108 	1156 	1157
f 1110 	1109 	1158
f 1109 	1157 	1158
f 1111 	1110 	1159
f 1110 	1158 	1159
f 1112 	1111 	1160
f 1111 	1159 	1160
f 1113 	1112 	1161
f 1112 	1160 	1161
f 1114 	1113 	1162
f 1113 	1161 	1162
f 1115 	1114 	1163
f 1114 	1162 	1163
f 1069 	1115 	1117
f 1115 	1163 	1117
f 1116 	1117 	1164
f 1117 	1165 	1164
f 1118 	1116 	1166
f 1116 	1164 	1166
f 1119 	1118 	1167
f 1118 	1166 	1167
f 1120 	1119 	1168
f 1119 	1167 	1168
f 1121 	1120 	1169
f 1120 	1168 	1169
f 1122 	1121 	1170
f 1121 	1169 	1170
f 1123 	1122 	1171
f 1122 	1170 	1171
f 1124 	1123 	1172
f 1123 	1171 	1172
f 1125 	1124 	1173
f 1124 	1172 	1173
f 1126 	1125 	1174
f 1125 	1173 	1174
f 1127 	1126 	1175
f 1126 	1174 	1175
f 1128 	1127 	1176
f 1127 	1175 	1176
f 1129 	1128 	1177
f 1128 	1176 	1177
f 1130 	1129 	1178
f 1129 	1177 	1178
f 1131 	1130 	1179
f 1130 	1178 	1179
f 1132 	1131 	1180
f 1131 	1179 	1180
f 1133 	1132 	1181
f 1132 	1180 	1181
f 1134 	1133 	1182
f 1133 	1181 	1182
f 1135 	1134 	1183
f 1134 	1182 	1183
f 1136 	1135 	1184
f 1135 	1183 	1184
f 1137 	1136 	1185
f 1136 	1184 	1185
f 1138 	1137 	1186
f 1137 	1185 	1186
f 1139 	1138 	1187
f 1138 	1186 	1187
f 1140 	1139 	1188
f 1139 	1187 	1188
f 1141 	1140 	1189
f 1140 	1188 	1189
f 1142 	1141 	1190
f 1141 	1189 	1190
f 1143 	1142 	1191
f 1142 	1190 	1191
f 1144 	1143 	1192
f 1143 	1191 	1192
f 1145 	1144 	1193
f 1144 	1192 	1193
f 1146 	1145 	1194
f 1145 	1193 	1194
f 1147 	1146 	1195
f 1146 	1194 	1195
f 1148 	1147 	1196
f 1147 	1195 	1196
f 1149 	1148 	1197
f 1148 	1196 	1197
f 1150 	1149 	1198
f 1149 	1197 	1198
f 1151 	1150 	1199
f 1150 	1198 	1199
f 1152 	1151 	1200
f 1151 	1199 	1200
f 1153 	1152 	1201
f 1152 	1200 	1201
f 1154 	1153 	1202
f 1153 	1201 	1202
f 1155 	1154 	1203
f 1154 	1202 	1203
f 1156 	1155 	1204
f 1155 	1203 	1204
f 1157 	1156 	1205
f 1156 	1204 	1205
f 1158 	1157 	1206
f 1157 	1205 	1206
f 1159 	1158 	1207
f 1158 	1206 	1207
f 1160 	1159 	1208
f 1159 	1207 	1208
f 1161 	1160 	1209
f 1160 	1208 	1209
f 1162 	1161 	1210
f 1161 	1209 	1210
f 1163 	1162 	1211
f 1162 	1210 	1211
f 1117 	1163 	1165
f 1163 	1211 	1165
f 1164 	1165 	1212
f 1165 	1213 	1212
f 1166 	1164 	1214
f 1164 	1212 	1214
f 1167 	1166 	1215
f 1166 	1214 	1215
f 1168 	1167 	1216
f 1167 	1215 	1216
f 1169 	1168 	1217
f 1168 	1216 	1217
f 1170 	1169 	1218
f 1169 	1217 	1218
f 1171 	1170 	1219
f 1170 	1218 	1219
f 1172 	1171 	1220
f 1171 	1219 	1220
f 1173 	1172 	1221
f 1172 	1220 	1221
f 1174 	1173 	1222
f 1173 	1221 	1222
f 1175 	1174 	1223
f 1174 	1222 	1223
f 1176 	1175 	1224
f 1175 	1223 	1224
f 1177 	1176 	1225
f 1176 	1224 	1225
f 1178 	1177 	1226
f 1177 	1225 	1226
f 1179 	1178 	1227
f 1178 	1226 	1227
f 1180 	1179 	1228
f 1179 	1227 	1228
f 1181 	1180 	1229
f 1180 	1228 	1229
f 1182 	1181 	1230
f 1181 	1229 	1230
f 1183 	1182 	1231
f 1182 	1230 	1231
f 1184 	1183 	1232
f 1183 	1231 	1232
f 1185 	1184 	1233
f 1184 	1232 	1233
f 1186 	1185 	1234
f 1185 	1233 	1234
f 1187 	1186 	1235
f 1186 	1234 	1235
f 1188 	1187 	1236
f 1187 	1235 	1236
f 1189 	1188 	1237
f 1188 	1236 	1237
f 1190 	1189 	1238
f 1189 	1237 	1238
f 1191 	1190 	1239
f 1190 	1238 	1239
f 1192 	1191 	1240
f 1191 	1239 	1240
f 1193 	1192 	1241
f 1192 	1240 	1241
f 1194 	1193 	1242
f 1193 	1241 	1242
f 1195 	1194 	1243
f 1194 	1242 	1243
f 1196 	1195 	1244
f 1195 	1243 	1244
f 1197 	1196 	1245
f 1196 	1244 	1245
f 1198 	1197 	1246
f 1197 	1245 	1246
f 1199 	1198 	1247
f 1198 	1246 	1247
f 1200 	1199 	1248
f 1199 	1247 	1248
f 1201 	1200 	1249
f 1200 	1248 	1249
f 1202 	1201 	1250
f 1201 	1249 	1250
f 1203 	1202 	1251
f 1202 	1250 	1251
f 1204 	1203 	1252
f 1203 	1251 	1252
f 1205 	1204 	1253
f 1204 	1252 	1253
f 1206 	1205 	1254
f 1205 	1253 	1254
f 1207 	1206 	1255
f 1206 	1254 	1255
f 1208 	1207 	1256
f 1207 	1255 	1256
f 1209 	1208 	1257
f 1208 	1256 	1257
f 1210 	1209 	1258
f 1209 	1257 	1258
f 1211 	1210 	1259
f 1210 	1258 	1259
f 1165 	1211 	1213
f 1211 	1259 	1213
f 1212 	1213 	1260
f 1214 	1212 	1260
f 1215 	1214 	1260
f 1216 	1215 	1260
f 1217 	1216 	1260
f 1218 	1217 	1260
f 1219 	1218 	1260
f 1220 	1219 	1260
f 1221 	1220 	1260
f 1222 	1221 	1260
f 1223 	1222 	1260
f 1224 	1223 	1260
f 1225 	1224 	1260
f 1226 	1225 	1260
f 1227 	1226 	1260
f 1228 	1227 	1260
f 1229 	1228 	1260
f 1230 	1229 	1260
f 1231 	1230 	1260
f 1232 	1231 	1260
f 1233 	1232 	1260
f 1234 	1233 	1260
f 1235 	1234 	1260
f 1236 	1235 	1260
f 1237 	1236 	1260
f 1238 	1237 	1260
f 1239 	1238 	1260
f 1240 	1239 	1260
f 1241 	1240 	1260
f 1242 	1241 	1260
f 1243 	1242 	1260
f 1244 	1243 	1260
f 1245 	1244 	1260
f 1246 	1245 	1260
f 1247 	1246 	1260
f 1248 	1247 	1260
f 1249 	1248 	1260
f 1250 	1249 	1260
f 1251 	1250 	1260
f 1252 	1251 	1260
f 1253 	1252 	1260
f 1254 	1253 	1260
f 1255 	1254 	1260
f 1256 	1255 	1260
f 1257 	1256 	1260
f 1258 	1257 	1260
f 1259 	1258 	1260
f 1213 	1259 	1260
# 2208 faces

 #end of obj_1

o obj_2
v 0 		-5.5 		24
v -1.1747 		-5.5 		23.9572
v -1.1647 		-5.5596 		23.9572
v -1.1347 		-5.6182 		23.9572
v -1.0853 		-5.6748 		23.9572
v -1.0174 		-5.7284 		23.9572
v -0.932 		-5.7781 		23.9572
v -0.8307 		-5.823 		23.9572
v -0.7151 		-5.8624 		23.9572
v -0.5874 		-5.8956 		23.9572
v -0.4496 		-5.9221 		23.9572
v -0.304 		-5.9413 		23.9572
v -0.1533 		-5.9529 		23.9572
v 0 		-5.9568 		23.9572
v 0.1533 		-5.9529 		23.9572
v 0.304 		-5.9413 		23.9572
v 0.4496 		-5.9221 		23.9572
v 0.5874 		-5.8956 		23.9572
v 0.7151 		-5.8624 		23.9572
v 0.8307 		-5.823 		23.9572
v 0.932 		-5.7781 		23.9572
v 1.0174 		-5.7284 		23.9572
v 1.0853 		-5.6748 		23.9572
v 1.1347 		-5.6182 		23.9572
v 1.1647 		-5.5596 		23.9572
v 1.1747 		-5.5 		23.9572
v 1.1647 		-5.4404 		23.9572
v 1.1347 		-5.3818 		23.9572
v 1.0853 		-5.3252 		23.9572
v 1.0174 		-5.2716 		23.9572
v 0.932 		-5.2219 		23.9572
v 0.8307 		-5.177 		23.9572
v 0.7151 		-5.1376 		23.9572
v 0.5874 		-5.1044 		23.9572
v 0.4496 		-5.0779 		23.9572
v 0.304 		-5.0587 		23.9572
v 0.1533 		-5.0471 		23.9572
v 0 		-5.0432 		23.9572
v -0.1533 		-5.0471 		23.9572
v -0.304 		-5.0587 		23.9572
v -0.4496 		-5.0779 		23.9572
v -0.5874 		-5.1044 		23.9572
v -0.7151 		-5.1376 		23.9572
v -0.8307 		-5.177 		23.9572
v -0.932 		-5.2219 		23.9572
v -1.0174 		-5.2716 		23.9572
v -1.0853 		-5.3252 		23.9572
v -1.1347 		-5.3818 		23.9572
v -1.1647 		-5.4404 		23.9572
v -2.3094 		-5.6182 		23.8296
v -2.3294 		-5.5 		23.8296
v -2.25 		-5.7345 		23.8296
v -2.1521 		-5.8467 		23.8296
v -2.0173 		-5.9529 		23.8296
v -1.848 		-6.0515 		23.8296
v -1.6471 		-6.1405 		23.8296
v -1.418 		-6.2187 		23.8296
v -1.1647 		-6.2845 		23.8296
v -0.8914 		-6.3369 		23.8296
v -0.6029 		-6.375 		23.8296
v -0.304 		-6.3981 		23.8296
v 0 		-6.4059 		23.8296
v 0.304 		-6.3981 		23.8296
v 0.6029 		-6.375 		23.8296
v 0.8914 		-6.3369 		23.8296
v 1.1647 		-6.2845 		23.8296
v 1.418 		-6.2187 		23.8296
v 1.6471 		-6.1405 		23.8296
v 1.848 		-6.0515 		23.8296
v 2.0173 		-5.9529 		23.8296
v 2.1521 		-5.8467 		23.8296
v 2.25 		-5.7345 		23.8296
v 2.3094 		-5.6182 		23.8296
v 2.3294 		-5.5 		23.8296
v 2.3094 		-5.3818 		23.8296
v 2.25 		-5.2655 		23.8296
v 2.1521 		-5.1533 		23.8296
v 2.0173 		-5.0471 		23.8296
v 1.848 		-4.9485 		23.8296
v 1.6471 		-4.8595 		23.8296
v 1.418 		-4.7813 		23.8296
v 1.1647 		-4.7155 		23.8296
v 0.8914 		-4.6631 		23.8296
v 0.6029 		-4.625 		23.8296
v 0.304 		-4.6019 		23.8296
v 0 		-4.5941 		23.8296
v -0.304 		-4.6019 		23.8296
v -0.6029 		-4.625 		23.8296
v -0.8914 		-4.6631 		23.8296
v -1.1647 		-4.7155 		23.8296
v -1.418 		-4.7813 		23.8296
v -1.6471 		-4.8595 		23.8296
v -1.848 		-4.9485 		23.8296
v -2.0173 		-5.0471 		23.8296
v -2.1521 		-5.1533 		23.8296
v -2.25 		-5.2655 		23.8296
v -2.3094 		-5.3818 		23.8296
v -3.4147 		-5.6748 		23.6194
v -3.4442 		-5.5 		23.6194
v -3.3268 		-5.8467 		23.6194
v -3.182 		-6.0126 		23.6194
v -2.9827 		-6.1697 		23.6194
v -2.7324 		-6.3154 		23.6194
v -2.4354 		-6.4471 		23.6194
v -2.0967 		-6.5626 		23.6194
v -1.7221 		-6.6599 		23.6194
v -1.318 		-6.7374 		23.6194
v -0.8914 		-6.7938 		23.6194
v -0.4496 		-6.8279 		23.6194
v 0 		-6.8394 		23.6194
v 0.4496 		-6.8279 		23.6194
v 0.8914 		-6.7938 		23.6194
v 1.318 		-6.7374 		23.6194
v 1.7221 		-6.6599 		23.6194
v 2.0967 		-6.5626 		23.6194
v 2.4354 		-6.4471 		23.6194
v 2.7324 		-6.3154 		23.6194
v 2.9827 		-6.1697 		23.6194
v 3.182 		-6.0126 		23.6194
v 3.3268 		-5.8467 		23.6194
v 3.4147 		-5.6748 		23.6194
v 3.4442 		-5.5 		23.6194
v 3.4147 		-5.3252 		23.6194
v 3.3268 		-5.1533 		23.6194
v 3.182 		-4.9874 		23.6194
v 2.9827 		-4.8303 		23.6194
v 2.7324 		-4.6846 		23.6194
v 2.4354 		-4.5529 		23.6194
v 2.0967 		-4.4374 		23.6194
v 1.7221 		-4.3401 		23.6194
v 1.318 		-4.2626 		23.6194
v 0.8914 		-4.2062 		23.6194
v 0.4496 		-4.1721 		23.6194
v 0 		-4.1606 		23.6194
v -0.4496 		-4.1721 		23.6194
v -0.8914 		-4.2062 		23.6194
v -1.318 		-4.2626 		23.6194
v -1.7221 		-4.3401 		23.6194
v -2.0967 		-4.4374 		23.6194
v -2.4354 		-4.5529 		23.6194
v -2.7324 		-4.6846 		23.6194
v -2.9827 		-4.8303 		23.6194
v -3.182 		-4.9874 		23.6194
v -3.3268 		-5.1533 		23.6194
v -3.4147 		-5.3252 		23.6194
v -4.4615 		-5.7284 		23.3301
v -4.5 		-5.5 		23.3301
v -4.3467 		-5.9529 		23.3301
v -4.1575 		-6.1697 		23.3301
v -3.8971 		-6.375 		23.3301
v -3.5701 		-6.5653 		23.3301
v -3.182 		-6.7374 		23.3301
v -2.7394 		-6.8884 		23.3301
v -2.25 		-7.0155 		23.3301
v -1.7221 		-7.1168 		23.3301
v -1.1647 		-7.1904 		23.3301
v -0.5874 		-7.235 		23.3301
v 0 		-7.25 		23.3301
v 0.5874 		-7.235 		23.3301
v 1.1647 		-7.1904 		23.3301
v 1.7221 		-7.1168 		23.3301
v 2.25 		-7.0155 		23.3301
v 2.7394 		-6.8884 		23.3301
v 3.182 		-6.7374 		23.3301
v 3.5701 		-6.5653 		23.3301
v 3.8971 		-6.375 		23.3301
v 4.1575 		-6.1697 		23.3301
v 4.3467 		-5.9529 		23.3301
v 4.4615 		-5.7284 		23.3301
v 4.5 		-5.5 		23.3301
v 4.4615 		-5.2716 		23.3301
v 4.3467 		-5.0471 		23.3301
v 4.1575 		-4.8303 		23.3301
v 3.8971 		-4.625 		23.3301
v 3.5701 		-4.4347 		23.3301
v 3.182 		-4.2626 		23.3301
v 2.7394 		-4.1116 		23.3301
v 2.25 		-3.9845 		23.3301
v 1.7221 		-3.8832 		23.3301
v 1.1647 		-3.8096 		23.3301
v 0.5874 		-3.765 		23.3301
v 0 		-3.75 		23.3301
v -0.5874 		-3.765 		23.3301
v -1.1647 		-3.8096 		23.3301
v -1.7221 		-3.8832 		23.3301
v -2.25 		-3.9845 		23.3301
v -2.7394 		-4.1116 		23.3301
v -3.182 		-4.2626 		23.3301
v -3.5701 		-4.4347 		23.3301
v -3.8971 		-4.625 		23.3301
v -4.1575 		-4.8303 		23.3301
v -4.3467 		-5.0471 		23.3301
v -4.4615 		-5.2716 		23.3301
v -5.432 		-5.7781 		22.9668
v -5.4789 		-5.5 		22.9668
v -5.2922 		-6.0515 		22.9668
v -5.0618 		-6.3154 		22.9668
v -4.7448 		-6.5653 		22.9668
v -4.3467 		-6.7971 		22.9668
v -3.8741 		-7.0066 		22.9668
v -3.3353 		-7.1904 		22.9668
v -2.7394 		-7.3452 		22.9668
v -2.0967 		-7.4685 		22.9668
v -1.418 		-7.5581 		22.9668
v -0.7151 		-7.6124 		22.9668
v 0 		-7.6307 		22.9668
v 0.7151 		-7.6124 		22.9668
v 1.418 		-7.5581 		22.9668
v 2.0967 		-7.4685 		22.9668
v 2.7394 		-7.3452 		22.9668
v 3.3353 		-7.1904 		22.9668
v 3.8741 		-7.0066 		22.9668
v 4.3467 		-6.7971 		22.9668
v 4.7448 		-6.5653 		22.9668
v 5.0618 		-6.3154 		22.9668
v 5.2922 		-6.0515 		22.9668
v 5.432 		-5.7781 		22.9668
v 5.4789 		-5.5 		22.9668
v 5.432 		-5.2219 		22.9668
v 5.2922 		-4.9485 		22.9668
v 5.0618 		-4.6846 		22.9668
v 4.7448 		-4.4347 		22.9668
v 4.3467 		-4.2029 		22.9668
v 3.8741 		-3.9934 		22.9668
v 3.3353 		-3.8096 		22.9668
v 2.7394 		-3.6548 		22.9668
v 2.0967 		-3.5315 		22.9668
v 1.418 		-3.4419 		22.9668
v 0.7151 		-3.3876 		22.9668
v 0 		-3.3693 		22.9668
v -0.7151 		-3.3876 		22.9668
v -1.418 		-3.4419 		22.9668
v -2.0967 		-3.5315 		22.9668
v -2.7394 		-3.6548 		22.9668
v -3.3353 		-3.8096 		22.9668
v -3.8741 		-3.9934 		22.9668
v -4.3467 		-4.2029 		22.9668
v -4.7448 		-4.4347 		22.9668
v -5.0618 		-4.6846 		22.9668
v -5.2922 		-4.9485 		22.9668
v -5.432 		-5.2219 		22.9668
v -6.3095 		-5.823 		22.5355
v -6.364 		-5.5 		22.5355
v -6.1471 		-6.1405 		22.5355
v -5.8795 		-6.4471 		22.5355
v -5.5114 		-6.7374 		22.5355
v -5.0489 		-7.0066 		22.5355
v -4.5 		-7.25 		22.5355
v -3.8741 		-7.4634 		22.5355
v -3.182 		-7.6433 		22.5355
v -2.4354 		-7.7865 		22.5355
v -1.6471 		-7.8905 		22.5355
v -0.8307 		-7.9537 		22.5355
v 0 		-7.9749 		22.5355
v 0.8307 		-7.9537 		22.5355
v 1.6471 		-7.8905 		22.5355
v 2.4354 		-7.7865 		22.5355
v 3.182 		-7.6433 		22.5355
v 3.8741 		-7.4634 		22.5355
v 4.5 		-7.25 		22.5355
v 5.0489 		-7.0066 		22.5355
v 5.5114 		-6.7374 		22.5355
v 5.8795 		-6.4471 		22.5355
v 6.1471 		-6.1405 		22.5355
v 6.3095 		-5.823 		22.5355
v 6.364 		-5.5 		22.5355
v 6.3095 		-5.177 		22.5355
v 6.1471 		-4.8595 		22.5355
v 5.8795 		-4.5529 		22.5355
v 5.5114 		-4.2626 		22.5355
v 5.0489 		-3.9934 		22.5355
v 4.5 		-3.75 		22.5355
v 3.8741 		-3.5366 		22.5355
v 3.182 		-3.3567 		22.5355
v 2.4354 		-3.2135 		22.5355
v 1.6471 		-3.1095 		22.5355
v 0.8307 		-3.0463 		22.5355
v 0 		-3.0251 		22.5355
v -0.8307 		-3.0463 		22.5355
v -1.6471 		-3.1095 		22.5355
v -2.4354 		-3.2135 		22.5355
v -3.182 		-3.3567 		22.5355
v -3.8741 		-3.5366 		22.5355
v -4.5 		-3.75 		22.5355
v -5.0489 		-3.9934 		22.5355
v -5.5114 		-4.2626 		22.5355
v -5.8795 		-4.5529 		22.5355
v -6.1471 		-4.8595 		22.5355
v -6.3095 		-5.177 		22.5355
v -7.0791 		-5.8624 		22.0438
v -7.1402 		-5.5 		22.0438
v -6.8969 		-6.2187 		22.0438
v -6.5967 		-6.5626 		22.0438
v -6.1836 		-6.8884 		22.0438
v -5.6647 		-7.1904 		22.0438
v -5.0489 		-7.4634 		22.0438
v -4.3467 		-7.7029 		22.0438
v -3.5701 		-7.9047 		22.0438
v -2.7324 		-8.0654 		22.0438
v -1.848 		-8.1821 		22.0438
v -0.932 		-8.253 		22.0438
v 0 		-8.2767 		22.0438
v 0.932 		-8.253 		22.0438
v 1.848 		-8.1821 		22.0438
v 2.7324 		-8.0654 		22.0438
v 3.5701 		-7.9047 		22.0438
v 4.3467 		-7.7029 		22.0438
v 5.0489 		-7.4634 		22.0438
v 5.6647 		-7.1904 		22.0438
v 6.1836 		-6.8884 		22.0438
v 6.5967 		-6.5626 		22.0438
v 6.8969 		-6.2187 		22.0438
v 7.0791 		-5.8624 		22.0438
v 7.1402 		-5.5 		22.0438
v 7.0791 		-5.1376 		22.0438
v 6.8969 		-4.7813 		22.0438
v 6.5967 		-4.4374 		22.0438
v 6.1836 		-4.1116 		22.0438
v 5.6647 		-3.8096 		22.0438
v 5.0489 		-3.5366 		22.0438
v 4.3467 		-3.2971 		22.0438
v 3.5701 		-3.0953 		22.0438
v 2.7324 		-2.9346 		22.0438
v 1.848 		-2.8179 		22.0438
v 0.932 		-2.747 		22.0438
v 0 		-2.7233 		22.0438
v -0.932 		-2.747 		22.0438
v -1.848 		-2.8179 		22.0438
v -2.7324 		-2.9346 		22.0438
v -3.5701 		-3.0953 		22.0438
v -4.3467 		-3.2971 		22.0438
v -5.0489 		-3.5366 		22.0438
v -5.6647 		-3.8096 		22.0438
v -6.1836 		-4.1116 		22.0438
v -6.5967 		-4.4374 		22.0438
v -6.8969 		-4.7813 		22.0438
v -7.0791 		-5.1376 		22.0438
v -7.7275 		-5.8956 		21.5
v -7.7942 		-5.5 		21.5
v -7.5286 		-6.2845 		21.5
v -7.2009 		-6.6599 		21.5
v -6.75 		-7.0155 		21.5
v -6.1836 		-7.3452 		21.5
v -5.5114 		-7.6433 		21.5
v -4.7448 		-7.9047 		21.5
v -3.8971 		-8.125 		21.5
v -2.9827 		-8.3004 		21.5
v -2.0173 		-8.4278 		21.5
v -1.0174 		-8.5052 		21.5
v 0 		-8.5311 		21.5
v 1.0174 		-8.5052 		21.5
v 2.0173 		-8.4278 		21.5
v 2.9827 		-8.3004 		21.5
v 3.8971 		-8.125 		21.5
v 4.7448 		-7.9047 		21.5
v 5.5114 		-7.6433 		21.5
v 6.1836 		-7.3452 		21.5
v 6.75 		-7.0155 		21.5
v 7.2009 		-6.6599 		21.5
v 7.5286 		-6.2845 		21.5
v 7.7275 		-5.8956 		21.5
v 7.7942 		-5.5 		21.5
v 7.7275 		-5.1044 		21.5
v 7.5286 		-4.7155 		21.5
v 7.2009 		-4.3401 		21.5
v 6.75 		-3.9845 		21.5
v 6.1836 		-3.6548 		21.5
v 5.5114 		-3.3567 		21.5
v 4.7448 		-3.0953 		21.5
v 3.8971 		-2.875 		21.5
v 2.9827 		-2.6996 		21.5
v 2.0173 		-2.5722 		21.5
v 1.0174 		-2.4948 		21.5
v 0 		-2.4689 		21.5
v -1.0174 		-2.4948 		21.5
v -2.0173 		-2.5722 		21.5
v -2.9827 		-2.6996 		21.5
v -3.8971 		-2.875 		21.5
v -4.7448 		-3.0953 		21.5
v -5.5114 		-3.3567 		21.5
v -6.1836 		-3.6548 		21.5
v -6.75 		-3.9845 		21.5
v -7.2009 		-4.3401 		21.5
v -7.5286 		-4.7155 		21.5
v -7.7275 		-5.1044 		21.5
v -8.2438 		-5.9221 		20.9134
v -8.3149 		-5.5 		20.9134
v -8.0316 		-6.3369 		20.9134
v -7.682 		-6.7374 		20.9134
v -7.2009 		-7.1168 		20.9134
v -6.5967 		-7.4685 		20.9134
v -5.8795 		-7.7865 		20.9134
v -5.0618 		-8.0654 		20.9134
v -4.1575 		-8.3004 		20.9134
v -3.182 		-8.4874 		20.9134
v -2.1521 		-8.6234 		20.9134
v -1.0853 		-8.7059 		20.9134
v 0 		-8.7336 		20.9134
v 1.0853 		-8.7059 		20.9134
v 2.1521 		-8.6234 		20.9134
v 3.182 		-8.4874 		20.9134
v 4.1575 		-8.3004 		20.9134
v 5.0618 		-8.0654 		20.9134
v 5.8795 		-7.7865 		20.9134
v 6.5967 		-7.4685 		20.9134
v 7.2009 		-7.1168 		20.9134
v 7.682 		-6.7374 		20.9134
v 8.0316 		-6.3369 		20.9134
v 8.2438 		-5.9221 		20.9134
v 8.3149 		-5.5 		20.9134
v 8.2438 		-5.0779 		20.9134
v 8.0316 		-4.6631 		20.9134
v 7.682 		-4.2626 		20.9134
v 7.2009 		-3.8832 		20.9134
v 6.5967 		-3.5315 		20.9134
v 5.8795 		-3.2135 		20.9134
v 5.0618 		-2.9346 		20.9134
v 4.1575 		-2.6996 		20.9134
v 3.182 		-2.5126 		20.9134
v 2.1521 		-2.3766 		20.9134
v 1.0853 		-2.2941 		20.9134
v 0 		-2.2664 		20.9134
v -1.0853 		-2.2941 		20.9134
v -2.1521 		-2.3766 		20.9134
v -3.182 		-2.5126 		20.9134
v -4.1575 		-2.6996 		20.9134
v -5.0618 		-2.9346 		20.9134
v -5.8795 		-3.2135 		20.9134
v -6.5967 		-3.5315 		20.9134
v -7.2009 		-3.8832 		20.9134
v -7.682 		-4.2626 		20.9134
v -8.0316 		-4.6631 		20.9134
v -8.2438 		-5.0779 		20.9134
v -8.619 		-5.9413 		20.2941
v -8.6933 		-5.5 		20.2941
v -8.3971 		-6.375 		20.2941
v -8.0316 		-6.7938 		20.2941
v -7.5286 		-7.1904 		20.2941
v -6.8969 		-7.5581 		20.2941
v -6.1471 		-7.8905 		20.2941
v -5.2922 		-8.1821 		20.2941
v -4.3467 		-8.4278 		20.2941
v -3.3268 		-8.6234 		20.2941
v -2.25 		-8.7655 		20.2941
v -1.1347 		-8.8518 		20.2941
v 0 		-8.8807 		20.2941
v 1.1347 		-8.8518 		20.2941
v 2.25 		-8.7655 		20.2941
v 3.3268 		-8.6234 		20.2941
v 4.3467 		-8.4278 		20.2941
v 5.2922 		-8.1821 		20.2941
v 6.1471 		-7.8905 		20.2941
v 6.8969 		-7.5581 		20.2941
v 7.5286 		-7.1904 		20.2941
v 8.0316 		-6.7938 		20.2941
v 8.3971 		-6.375 		20.2941
v 8.619 		-5.9413 		20.2941
v 8.6933 		-5.5 		20.2941
v 8.619 		-5.0587 		20.2941
v 8.3971 		-4.625 		20.2941
v 8.0316 		-4.2062 		20.2941
v 7.5286 		-3.8096 		20.2941
v 6.8969 		-3.4419 		20.2941
v 6.1471 		-3.1095 		20.2941
v 5.2922 		-2.8179 		20.2941
v 4.3467 		-2.5722 		20.2941
v 3.3268 		-2.3766 		20.2941
v 2.25 		-2.2345 		20.2941
v 1.1347 		-2.1482 		20.2941
v 0 		-2.1193 		20.2941
v -1.1347 		-2.1482 		20.2941
v -2.25 		-2.2345 		20.2941
v -3.3268 		-2.3766 		20.2941
v -4.3467 		-2.5722 		20.2941
v -5.2922 		-2.8179 		20.2941
v -6.1471 		-3.1095 		20.2941
v -6.8969 		-3.4419 		20.2941
v -7.5286 		-3.8096 		20.2941
v -8.0316 		-4.2062 		20.2941
v -8.3971 		-4.625 		20.2941
v -8.619 		-5.0587 		20.2941
v -8.8467 		-5.9529 		19.6526
v -8.923 		-5.5 		19.6526
v -8.619 		-6.3981 		19.6526
v -8.2438 		-6.8279 		19.6526
v -7.7275 		-7.235 		19.6526
v -7.0791 		-7.6124 		19.6526
v -6.3095 		-7.9537 		19.6526
v -5.432 		-8.253 		19.6526
v -4.4615 		-8.5052 		19.6526
v -3.4147 		-8.7059 		19.6526
v -2.3094 		-8.8518 		19.6526
v -1.1647 		-8.9404 		19.6526
v 0 		-8.9701 		19.6526
v 1.1647 		-8.9404 		19.6526
v 2.3094 		-8.8518 		19.6526
v 3.4147 		-8.7059 		19.6526
v 4.4615 		-8.5052 		19.6526
v 5.432 		-8.253 		19.6526
v 6.3095 		-7.9537 		19.6526
v 7.0791 		-7.6124 		19.6526
v 7.7275 		-7.235 		19.6526
v 8.2438 		-6.8279 		19.6526
v 8.619 		-6.3981 		19.6526
v 8.8467 		-5.9529 		19.6526
v 8.923 		-5.5 		19.6526
v 8.8467 		-5.0471 		19.6526
v 8.619 		-4.6019 		19.6526
v 8.2438 		-4.1721 		19.6526
v 7.7275 		-3.765 		19.6526
v 7.0791 		-3.3876 		19.6526
v 6.3095 		-3.0463 		19.6526
v 5.432 		-2.747 		19.6526
v 4.4615 		-2.4948 		19.6526
v 3.4147 		-2.2941 		19.6526
v 2.3094 		-2.1482 		19.6526
v 1.1647 		-2.0596 		19.6526
v 0 		-2.0299 		19.6526
v -1.1647 		-2.0596 		19.6526
v -2.3094 		-2.1482 		19.6526
v -3.4147 		-2.2941 		19.6526
v -4.4615 		-2.4948 		19.6526
v -5.432 		-2.747 		19.6526
v -6.3095 		-3.0463 		19.6526
v -7.0791 		-3.3876 		19.6526
v -7.7275 		-3.765 		19.6526
v -8.2438 		-4.1721 		19.6526
v -8.619 		-4.6019 		19.6526
v -8.8467 		-5.0471 		19.6526
v -8.923 		-5.9568 		19
v -9 		-5.5 		19
v -8.6933 		-6.4059 		19
v -8.3149 		-6.8394 		19
v -7.7942 		-7.25 		19
v -7.1402 		-7.6307 		19
v -6.364 		-7.9749 		19
v -5.4789 		-8.2767 		19
v -4.5 		-8.5311 		19
v -3.4442 		-8.7336 		19
v -2.3294 		-8.8807 		19
v -1.1747 		-8.9701 		19
v 0 		-9 		19
v 1.1747 		-8.9701 		19
v 2.3294 		-8.8807 		19
v 3.4442 		-8.7336 		19
v 4.5 		-8.5311 		19
v 5.4789 		-8.2767 		19
v 6.364 		-7.9749 		19
v 7.1402 		-7.6307 		19
v 7.7942 		-7.25 		19
v 8.3149 		-6.8394 		19
v 8.6933 		-6.4059 		19
v 8.923 		-5.9568 		19
v 9 		-5.5 		19
v 8.923 		-5.0432 		19
v 8.6933 		-4.5941 		19
v 8.3149 		-4.1606 		19
v 7.7942 		-3.75 		19
v 7.1402 		-3.3693 		19
v 6.364 		-3.0251 		19
v 5.4789 		-2.7233 		19
v 4.5 		-2.4689 		19
v 3.4442 		-2.2664 		19
v 2.3294 		-2.1193 		19
v 1.1747 		-2.0299 		19
v 0 		-2 		19
v -1.1747 		-2.0299 		19
v -2.3294 		-2.1193 		19
v -3.4442 		-2.2664 		19
v -4.5 		-2.4689 		19
v -5.4789 		-2.7233 		19
v -6.364 		-3.0251 		19
v -7.1402 		-3.3693 		19
v -7.7942 		-3.75 		19
v -8.3149 		-4.1606 		19
v -8.6933 		-4.5941 		19
v -8.923 		-5.0432 		19
v -8.8467 		-5.9529 		18.3474
v -8.923 		-5.5 		18.3474
v -8.619 		-6.3981 		18.3474
v -8.2438 		-6.8279 		18.3474
v -7.7275 		-7.235 		18.3474
v -7.0791 		-7.6124 		18.3474
v -6.3095 		-7.9537 		18.3474
v -5.432 		-8.253 		18.3474
v -4.4615 		-8.5052 		18.3474
v -3.4147 		-8.7059 		18.3474
v -2.3094 		-8.8518 		18.3474
v -1.1647 		-8.9404 		18.3474
v 0 		-8.9701 		18.3474
v 1.1647 		-8.9404 		18.3474
v 2.3094 		-8.8518 		18.3474
v 3.4147 		-8.7059 		18.3474
v 4.4615 		-8.5052 		18.3474
v 5.432 		-8.253 		18.3474
v 6.3095 		-7.9537 		18.3474
v 7.0791 		-7.6124 		18.3474
v 7.7275 		-7.235 		18.3474
v 8.2438 		-6.8279 		18.3474
v 8.619 		-6.3981 		18.3474
v 8.8467 		-5.9529 		18.3474
v 8.923 		-5.5 		18.3474
v 8.8467 		-5.0471 		18.3474
v 8.619 		-4.6019 		18.3474
v 8.2438 		-4.1721 		18.3474
v 7.7275 		-3.765 		18.3474
v 7.0791 		-3.3876 		18.3474
v 6.3095 		-3.0463 		18.3474
v 5.432 		-2.747 		18.3474
v 4.4615 		-2.4948 		18.3474
v 3.4147 		-2.2941 		18.3474
v 2.3094 		-2.1482 		18.3474
v 1.1647 		-2.0596 		18.3474
v 0 		-2.0299 		18.3474
v -1.1647 		-2.0596 		18.3474
v -2.3094 		-2.1482 		18.3474
v -3.4147 		-2.2941 		18.3474
v -4.4615 		-2.4948 		18.3474
v -5.432 		-2.747 		18.3474
v -6.3095 		-3.0463 		18.3474
v -7.0791 		-3.3876 		18.3474
v -7.7275 		-3.765 		18.3474
v -8.2438 		-4.1721 		18.3474
v -8.619 		-4.6019 		18.3474
v -8.8467 		-5.0471 		18.3474
v -8.619 		-5.9413 		17.7059
v -8.6933 		-5.5 		17.7059
v -8.3971 		-6.375 		17.7059
v -8.0316 		-6.7938 		17.7059
v -7.5286 		-7.1904 		17.7059
v -6.8969 		-7.5581 		17.7059
v -6.1471 		-7.8905 		17.7059
v -5.2922 		-8.1821 		17.7059
v -4.3467 		-8.4278 		17.7059
v -3.3268 		-8.6234 		17.7059
v -2.25 		-8.7655 		17.7059
v -1.1347 		-8.8518 		17.7059
v 0 		-8.8807 		17.7059
v 1.1347 		-8.8518 		17.7059
v 2.25 		-8.7655 		17.7059
v 3.3268 		-8.6234 		17.7059
v 4.3467 		-8.4278 		17.7059
v 5.2922 		-8.1821 		17.7059
v 6.1471 		-7.8905 		17.7059
v 6.8969 		-7.5581 		17.7059
v 7.5286 		-7.1904 		17.7059
v 8.0316 		-6.7938 		17.7059
v 8.3971 		-6.375 		17.7059
v 8.619 		-5.9413 		17.7059
v 8.6933 		-5.5 		17.7059
v 8.619 		-5.0587 		17.7059
v 8.3971 		-4.625 		17.7059
v 8.0316 		-4.2062 		17.7059
v 7.5286 		-3.8096 		17.7059
v 6.8969 		-3.4419 		17.7059
v 6.1471 		-3.1095 		17.7059
v 5.2922 		-2.8179 		17.7059
v 4.3467 		-2.5722 		17.7059
v 3.3268 		-2.3766 		17.7059
v 2.25 		-2.2345 		17.7059
v 1.1347 		-2.1482 		17.7059
v 0 		-2.1193 		17.7059
v -1.1347 		-2.1482 		17.7059
v -2.25 		-2.2345 		17.7059
v -3.3268 		-2.3766 		17.7059
v -4.3467 		-2.5722 		17.7059
v -5.2922 		-2.8179 		17.7059
v -6.1471 		-3.1095 		17.7059
v -6.8969 		-3.4419 		17.7059
v -7.5286 		-3.8096 		17.7059
v -8.0316 		-4.2062 		17.7059
v -8.3971 		-4.625 		17.7059
v -8.619 		-5.0587 		17.7059
v -8.2438 		-5.9221 		17.0866
v -8.3149 		-5.5 		17.0866
v -8.0316 		-6.3369 		17.0866
v -7.682 		-6.7374 		17.0866
v -7.2009 		-7.1168 		17.0866
v -6.5967 		-7.4685 		17.0866
v -5.8795 		-7.7865 		17.0866
v -5.0618 		-8.0654 		17.0866
v -4.1575 		-8.3004 		17.0866
v -3.182 		-8.4874 		17.0866
v -2.1521 		-8.6234 		17.0866
v -1.0853 		-8.7059 		17.0866
v 0 		-8.7336 		17.0866
v 1.0853 		-8.7059 		17.0866
v 2.1521 		-8.6234 		17.0866
v 3.182 		-8.4874 		17.0866
v 4.1575 		-8.3004 		17.0866
v 5.0618 		-8.0654 		17.0866
v 5.8795 		-7.7865 		17.0866
v 6.5967 		-7.4685 		17.0866
v 7.2009 		-7.1168 		17.0866
v 7.682 		-6.7374 		17.0866
v 8.0316 		-6.3369 		17.0866
v 8.2438 		-5.9221 		17.0866
v 8.3149 		-5.5 		17.0866
v 8.2438 		-5.0779 		17.0866
v 8.0316 		-4.6631 		17.0866
v 7.682 		-4.2626 		17.0866
v 7.2009 		-3.8832 		17.0866
v 6.5967 		-3.5315 		17.0866
v 5.8795 		-3.2135 		17.0866
v 5.0618 		-2.9346 		17.0866
v 4.1575 		-2.6996 		17.0866
v 3.182 		-2.5126 		17.0866
v 2.1521 		-2.3766 		17.0866
v 1.0853 		-2.2941 		17.0866
v 0 		-2.2664 		17.0866
v -1.0853 		-2.2941 		17.0866
v -2.1521 		-2.3766 		17.0866
v -3.182 		-2.5126 		17.0866
v -4.1575 		-2.6996 		17.0866
v -5.0618 		-2.9346 		17.0866
v -5.8795 		-3.2135 		17.0866
v -6.5967 		-3.5315 		17.0866
v -7.2009 		-3.8832 		17.0866
v -7.682 		-4.2626 		17.0866
v -8.0316 		-4.6631 		17.0866
v -8.2438 		-5.0779 		17.0866
v -7.7275 		-5.8956 		16.5
v -7.7942 		-5.5 		16.5
v -7.5286 		-6.2845 		16.5
v -7.2009 		-6.6599 		16.5
v -6.75 		-7.0155 		16.5
v -6.1836 		-7.3452 		16.5
v -5.5114 		-7.6433 		16.5
v -4.7448 		-7.9047 		16.5
v -3.8971 		-8.125 		16.5
v -2.9827 		-8.3004 		16.5
v -2.0173 		-8.4278 		16.5
v -1.0174 		-8.5052 		16.5
v 0 		-8.5311 		16.5
v 1.0174 		-8.5052 		16.5
v 2.0173 		-8.4278 		16.5
v 2.9827 		-8.3004 		16.5
v 3.8971 		-8.125 		16.5
v 4.7448 		-7.9047 		16.5
v 5.5114 		-7.6433 		16.5
v 6.1836 		-7.3452 		16.5
v 6.75 		-7.0155 		16.5
v 7.2009 		-6.6599 		16.5
v 7.5286 		-6.2845 		16.5
v 7.7275 		-5.8956 		16.5
v 7.7942 		-5.5 		16.5
v 7.7275 		-5.1044 		16.5
v 7.5286 		-4.7155 		16.5
v 7.2009 		-4.3401 		16.5
v 6.75 		-3.9845 		16.5
v 6.1836 		-3.6548 		16.5
v 5.5114 		-3.3567 		16.5
v 4.7448 		-3.0953 		16.5
v 3.8971 		-2.875 		16.5
v 2.9827 		-2.6996 		16.5
v 2.0173 		-2.5722 		16.5
v 1.0174 		-2.4948 		16.5
v 0 		-2.4689 		16.5
v -1.0174 		-2.4948 		16.5
v -2.0173 		-2.5722 		16.5
v -2.9827 		-2.6996 		16.5
v -3.8971 		-2.875 		16.5
v -4.7448 		-3.0953 		16.5
v -5.5114 		-3.3567 		16.5
v -6.1836 		-3.6548 		16.5
v -6.75 		-3.9845 		16.5
v -7.2009 		-4.3401 		16.5
v -7.5286 		-4.7155 		16.5
v -7.7275 		-5.1044 		16.5
v -7.0791 		-5.8624 		15.9562
v -7.1402 		-5.5 		15.9562
v -6.8969 		-6.2187 		15.9562
v -6.5967 		-6.5626 		15.9562
v -6.1836 		-6.8884 		15.9562
v -5.6647 		-7.1904 		15.9562
v -5.0489 		-7.4634 		15.9562
v -4.3467 		-7.7029 		15.9562
v -3.5701 		-7.9047 		15.9562
v -2.7324 		-8.0654 		15.9562
v -1.848 		-8.1821 		15.9562
v -0.932 		-8.253 		15.9562
v 0 		-8.2767 		15.9562
v 0.932 		-8.253 		15.9562
v 1.848 		-8.1821 		15.9562
v 2.7324 		-8.0654 		15.9562
v 3.5701 		-7.9047 		15.9562
v 4.3467 		-7.7029 		15.9562
v 5.0489 		-7.4634 		15.9562
v 5.6647 		-7.1904 		15.9562
v 6.1836 		-6.8884 		15.9562
v 6.5967 		-6.5626 		15.9562
v 6.8969 		-6.2187 		15.9562
v 7.0791 		-5.8624 		15.9562
v 7.1402 		-5.5 		15.9562
v 7.0791 		-5.1376 		15.9562
v 6.8969 		-4.7813 		15.9562
v 6.5967 		-4.4374 		15.9562
v 6.1836 		-4.1116 		15.9562
v 5.6647 		-3.8096 		15.9562
v 5.0489 		-3.5366 		15.9562
v 4.3467 		-3.2971 		15.9562
v 3.5701 		-3.0953 		15.9562
v 2.7324 		-2.9346 		15.9562
v 1.848 		-2.8179 		15.9562
v 0.932 		-2.747 		15.9562
v 0 		-2.7233 		15.9562
v -0.932 		-2.747 		15.9562
v -1.848 		-2.8179 		15.9562
v -2.7324 		-2.9346 		15.9562
v -3.5701 		-3.0953 		15.9562
v -4.3467 		-3.2971 		15.9562
v -5.0489 		-3.5366 		15.9562
v -5.6647 		-3.8096 		15.9562
v -6.1836 		-4.1116 		15.9562
v -6.5967 		-4.4374 		15.9562
v -6.8969 		-4.7813 		15.9562
v -7.0791 		-5.1376 		15.9562
v -6.3095 		-5.823 		15.4645
v -6.364 		-5.5 		15.4645
v -6.1471 		-6.1405 		15.4645
v -5.8795 		-6.4471 		15.4645
v -5.5114 		-6.7374 		15.4645
v -5.0489 		-7.0066 		15.4645
v -4.5 		-7.25 		15.4645
v -3.8741 		-7.4634 		15.4645
v -3.182 		-7.6433 		15.4645
v -2.4354 		-7.7865 		15.4645
v -1.6471 		-7.8905 		15.4645
v -0.8307 		-7.9537 		15.4645
v 0 		-7.9749 		15.4645
v 0.8307 		-7.9537 		15.4645
v 1.6471 		-7.8905 		15.4645
v 2.4354 		-7.7865 		15.4645
v 3.182 		-7.6433 		15.4645
v 3.8741 		-7.4634 		15.4645
v 4.5 		-7.25 		15.4645
v 5.0489 		-7.0066 		15.4645
v 5.5114 		-6.7374 		15.4645
v 5.8795 		-6.4471 		15.4645
v 6.1471 		-6.1405 		15.4645
v 6.3095 		-5.823 		15.4645
v 6.364 		-5.5 		15.4645
v 6.3095 		-5.177 		15.4645
v 6.1471 		-4.8595 		15.4645
v 5.8795 		-4.5529 		15.4645
v 5.5114 		-4.2626 		15.4645
v 5.0489 		-3.9934 		15.4645
v 4.5 		-3.75 		15.4645
v 3.8741 		-3.5366 		15.4645
v 3.182 		-3.3567 		15.4645
v 2.4354 		-3.2135 		15.4645
v 1.6471 		-3.1095 		15.4645
v 0.8307 		-3.0463 		15.4645
v 0 		-3.0251 		15.4645
v -0.8307 		-3.0463 		15.4645
v -1.6471 		-3.1095 		15.4645
v -2.4354 		-3.2135 		15.4645
v -3.182 		-3.3567 		15.4645
v -3.8741 		-3.5366 		15.4645
v -4.5 		-3.75 		15.4645
v -5.0489 		-3.9934 		15.4645
v -5.5114 		-4.2626 		15.4645
v -5.8795 		-4.5529 		15.4645
v -6.1471 		-4.8595 		15.4645
v -6.3095 		-5.177 		15.4645
v -5.432 		-5.7781 		15.0332
v -5.4789 		-5.5 		15.0332
v -5.2922 		-6.0515 		15.0332
v -5.0618 		-6.3154 		15.0332
v -4.7448 		-6.5653 		15.0332
v -4.3467 		-6.7971 		15.0332
v -3.8741 		-7.0066 		15.0332
v -3.3353 		-7.1904 		15.0332
v -2.7394 		-7.3452 		15.0332
v -2.0967 		-7.4685 		15.0332
v -1.418 		-7.5581 		15.0332
v -0.7151 		-7.6124 		15.0332
v 0 		-7.6307 		15.0332
v 0.7151 		-7.6124 		15.0332
v 1.418 		-7.5581 		15.0332
v 2.0967 		-7.4685 		15.0332
v 2.7394 		-7.3452 		15.0332
v 3.3353 		-7.1904 		15.0332
v 3.8741 		-7.0066 		15.0332
v 4.3467 		-6.7971 		15.0332
v 4.7448 		-6.5653 		15.0332
v 5.0618 		-6.3154 		15.0332
v 5.2922 		-6.0515 		15.0332
v 5.432 		-5.7781 		15.0332
v 5.4789 		-5.5 		15.0332
v 5.432 		-5.2219 		15.0332
v 5.2922 		-4.9485 		15.0332
v 5.0618 		-4.6846 		15.0332
v 4.7448 		-4.4347 		15.0332
v 4.3467 		-4.2029 		15.0332
v 3.8741 		-3.9934 		15.0332
v 3.3353 		-3.8096 		15.0332
v 2.7394 		-3.6548 		15.0332
v 2.0967 		-3.5315 		15.0332
v 1.418 		-3.4419 		15.0332
v 0.7151 		-3.3876 		15.0332
v 0 		-3.3693 		15.0332
v -0.7151 		-3.3876 		15.0332
v -1.418 		-3.4419 		15.0332
v -2.0967 		-3.5315 		15.0332
v -2.7394 		-3.6548 		15.0332
v -3.3353 		-3.8096 		15.0332
v -3.8741 		-3.9934 		15.0332
v -4.3467 		-4.2029 		15.0332
v -4.7448 		-4.4347 		15.0332
v -5.0618 		-4.6846 		15.0332
v -5.2922 		-4.9485 		15.0332
v -5.432 		-5.2219 		15.0332
v -4.4615 		-5.7284 		14.6699
v -4.5 		-5.5 		14.6699
v -4.3467 		-5.9529 		14.6699
v -4.1575 		-6.1697 		14.6699
v -3.8971 		-6.375 		14.6699
v -3.5701 		-6.5653 		14.6699
v -3.182 		-6.7374 		14.6699
v -2.7394 		-6.8884 		14.6699
v -2.25 		-7.0155 		14.6699
v -1.7221 		-7.1168 		14.6699
v -1.1647 		-7.1904 		14.6699
v -0.5874 		-7.235 		14.6699
v 0 		-7.25 		14.6699
v 0.5874 		-7.235 		14.6699
v 1.1647 		-7.1904 		14.6699
v 1.7221 		-7.1168 		14.6699
v 2.25 		-7.0155 		14.6699
v 2.7394 		-6.8884 		14.6699
v 3.182 		-6.7374 		14.6699
v 3.5701 		-6.5653 		14.6699
v 3.8971 		-6.375 		14.6699
v 4.1575 		-6.1697 		14.6699
v 4.3467 		-5.9529 		14.6699
v 4.4615 		-5.7284 		14.6699
v 4.5 		-5.5 		14.6699
v 4.4615 		-5.2716 		14.6699
v 4.3467 		-5.0471 		14.6699
v 4.1575 		-4.8303 		14.6699
v 3.8971 		-4.625 		14.6699
v 3.5701 		-4.4347 		14.6699
v 3.182 		-4.2626 		14.6699
v 2.7394 		-4.1116 		14.6699
v 2.25 		-3.9845 		14.6699
v 1.7221 		-3.8832 		14.6699
v 1.1647 		-3.8096 		14.6699
v 0.5874 		-3.765 		14.6699
v 0 		-3.75 		14.6699
v -0.5874 		-3.765 		14.6699
v -1.1647 		-3.8096 		14.6699
v -1.7221 		-3.8832 		14.6699
v -2.25 		-3.9845 		14.6699
v -2.7394 		-4.1116 		14.6699
v -3.182 		-4.2626 		14.6699
v -3.5701 		-4.4347 		14.6699
v -3.8971 		-4.625 		14.6699
v -4.1575 		-4.8303 		14.6699
v -4.3467 		-5.0471 		14.6699
v -4.4615 		-5.2716 		14.6699
v -3.4147 		-5.6748 		14.3806
v -3.4442 		-5.5 		14.3806
v -3.3268 		-5.8467 		14.3806
v -3.182 		-6.0126 		14.3806
v -2.9827 		-6.1697 		14.3806
v -2.7324 		-6.3154 		14.3806
v -2.4354 		-6.4471 		14.3806
v -2.0967 		-6.5626 		14.3806
v -1.7221 		-6.6599 		14.3806
v -1.318 		-6.7374 		14.3806
v -0.8914 		-6.7938 		14.3806
v -0.4496 		-6.8279 		14.3806
v 0 		-6.8394 		14.3806
v 0.4496 		-6.8279 		14.3806
v 0.8914 		-6.7938 		14.3806
v 1.318 		-6.7374 		14.3806
v 1.7221 		-6.6599 		14.3806
v 2.0967 		-6.5626 		14.3806
v 2.4354 		-6.4471 		14.3806
v 2.7324 		-6.3154 		14.3806
v 2.9827 		-6.1697 		14.3806
v 3.182 		-6.0126 		14.3806
v 3.3268 		-5.8467 		14.3806
v 3.4147 		-5.6748 		14.3806
v 3.4442 		-5.5 		14.3806
v 3.4147 		-5.3252 		14.3806
v 3.3268 		-5.1533 		14.3806
v 3.182 		-4.9874 		14.3806
v 2.9827 		-4.8303 		14.3806
v 2.7324 		-4.6846 		14.3806
v 2.4354 		-4.5529 		14.3806
v 2.0967 		-4.4374 		14.3806
v 1.7221 		-4.3401 		14.3806
v 1.318 		-4.2626 		14.3806
v 0.8914 		-4.2062 		14.3806
v 0.4496 		-4.1721 		14.3806
v 0 		-4.1606 		14.3806
v -0.4496 		-4.1721 		14.3806
v -0.8914 		-4.2062 		14.3806
v -1.318 		-4.2626 		14.3806
v -1.7221 		-4.3401 		14.3806
v -2.0967 		-4.4374 		14.3806
v -2.4354 		-4.5529 		14.3806
v -2.7324 		-4.6846 		14.3806
v -2.9827 		-4.8303 		14.3806
v -3.182 		-4.9874 		14.3806
v -3.3268 		-5.1533 		14.3806
v -3.4147 		-5.3252 		14.3806
v -2.3094 		-5.6182 		14.1704
v -2.3294 		-5.5 		14.1704
v -2.25 		-5.7345 		14.1704
v -2.1521 		-5.8467 		14.1704
v -2.0173 		-5.9529 		14.1704
v -1.848 		-6.0515 		14.1704
v -1.6471 		-6.1405 		14.1704
v -1.418 		-6.2187 		14.1704
v -1.1647 		-6.2845 		14.1704
v -0.8914 		-6.3369 		14.1704
v -0.6029 		-6.375 		14.1704
v -0.304 		-6.3981 		14.1704
v 0 		-6.4059 		14.1704
v 0.304 		-6.3981 		14.1704
v 0.6029 		-6.375 		14.1704
v 0.8914 		-6.3369 		14.1704
v 1.1647 		-6.2845 		14.1704
v 1.418 		-6.2187 		14.1704
v 1.6471 		-6.1405 		14.1704
v 1.848 		-6.0515 		14.1704
v 2.0173 		-5.9529 		14.1704
v 2.1521 		-5.8467 		14.1704
v 2.25 		-5.7345 		14.1704
v 2.3094 		-5.6182 		14.1704
v 2.3294 		-5.5 		14.1704
v 2.3094 		-5.3818 		14.1704
v 2.25 		-5.2655 		14.1704
v 2.1521 		-5.1533 		14.1704
v 2.0173 		-5.0471 		14.1704
v 1.848 		-4.9485 		14.1704
v 1.6471 		-4.8595 		14.1704
v 1.418 		-4.7813 		14.1704
v 1.1647 		-4.7155 		14.1704
v 0.8914 		-4.6631 		14.1704
v 0.6029 		-4.625 		14.1704
v 0.304 		-4.6019 		14.1704
v 0 		-4.5941 		14.1704
v -0.304 		-4.6019 		14.1704
v -0.6029 		-4.625 		14.1704
v -0.8914 		-4.6631 		14.1704
v -1.1647 		-4.7155 		14.1704
v -1.418 		-4.7813 		14.1704
v -1.6471 		-4.8595 		14.1704
v -1.848 		-4.9485 		14.1704
v -2.0173 		-5.0471 		14.1704
v -2.1521 		-5.1533 		14.1704
v -2.25 		-5.2655 		14.1704
v -2.3094 		-5.3818 		14.1704
v -1.1647 		-5.5596 		14.0428
v -1.1747 		-5.5 		14.0428
v -1.1347 		-5.6182 		14.0428
v -1.0853 		-5.6748 		14.0428
v -1.0174 		-5.7284 		14.0428
v -0.932 		-5.7781 		14.0428
v -0.8307 		-5.823 		14.0428
v -0.7151 		-5.8624 		14.0428
v -0.5874 		-5.8956 		14.0428
v -0.4496 		-5.9221 		14.0428
v -0.304 		-5.9413 		14.0428
v -0.1533 		-5.9529 		14.0428
v 0 		-5.9568 		14.0428
v 0.1533 		-5.9529 		14.0428
v 0.304 		-5.9413 		14.0428
v 0.4496 		-5.9221 		14.0428
v 0.5874 		-5.8956 		14.0428
v 0.7151 		-5.8624 		14.0428
v 0.8307 		-5.823 		14.0428
v 0.932 		-5.7781 		14.0428
v 1.0174 		-5.7284 		14.0428
v 1.0853 		-5.6748 		14.0428
v 1.1347 		-5.6182 		14.0428
v 1.1647 		-5.5596 		14.0428
v 1.1747 		-5.5 		14.0428
v 1.1647 		-5.4404 		14.0428
v 1.1347 		-5.3818 		14.0428
v 1.0853 		-5.3252 		14.0428
v 1.0174 		-5.2716 		14.0428
v 0.932 		-5.2219 		14.0428
v 0.8307 		-5.177 		14.0428
v 0.7151 		-5.1376 		14.0428
v 0.5874 		-5.1044 		14.0428
v 0.4496 		-5.0779 		14.0428
v 0.304 		-5.0587 		14.0428
v 0.1533 		-5.0471 		14.0428
v 0 		-5.0432 		14.0428
v -0.1533 		-5.0471 		14.0428
v -0.304 		-5.0587 		14.0428
v -0.4496 		-5.0779 		14.0428
v -0.5874 		-5.1044 		14.0428
v -0.7151 		-5.1376 		14.0428
v -0.8307 		-5.177 		14.0428
v -0.932 		-5.2219 		14.0428
v -1.0174 		-5.2716 		14.0428
v -1.0853 		-5.3252 		14.0428
v -1.1347 		-5.3818 		14.0428
v -1.1647 		-5.4404 		14.0428
v 0 		-5.5 		14
# 1106 vertices

g group_2_16448250

usemtl color_16448250
s 0

f 1261 	1262 	1263
f 1261 	1263 	1264
f 1261 	1264 	1265
f 1261 	1265 	1266
f 1261 	1266 	1267
f 1261 	1267 	1268
f 1261 	1268 	1269
f 1261 	1269 	1270
f 1261 	1270 	1271
f 1261 	1271 	1272
f 1261 	1272 	1273
f 1261 	1273 	1274
f 1261 	1274 	1275
f 1261 	1275 	1276
f 1261 	1276 	1277
f 1261 	1277 	1278
f 1261 	1278 	1279
f 1261 	1279 	1280
f 1261 	1280 	1281
f 1261 	1281 	1282
f 1261 	1282 	1283
f 1261 	1283 	1284
f 1261 	1284 	1285
f 1261 	1285 	1286
f 1261 	1286 	1287
f 1261 	1287 	1288
f 1261 	1288 	1289
f 1261 	1289 	1290
f 1261 	1290 	1291
f 1261 	1291 	1292
f 1261 	1292 	1293
f 1261 	1293 	1294
f 1261 	1294 	1295
f 1261 	1295 	1296
f 1261 	1296 	1297
f 1261 	1297 	1298
f 1261 	1298 	1299
f 1261 	1299 	1300
f 1261 	1300 	1301
f 1261 	1301 	1302
f 1261 	1302 	1303
f 1261 	1303 	1304
f 1261 	1304 	1305
f 1261 	1305 	1306
f 1261 	1306 	1307
f 1261 	1307 	1308
f 1261 	1308 	1309
f 1261 	1309 	1262
f 1263 	1262 	1310
f 1262 	1311 	1310
f 1264 	1263 	1312
f 1263 	1310 	1312
f 1265 	1264 	1313
f 1264 	1312 	1313
f 1266 	1265 	1314
f 1265 	1313 	1314
f 1267 	1266 	1315
f 1266 	1314 	1315
f 1268 	1267 	1316
f 1267 	1315 	1316
f 1269 	1268 	1317
f 1268 	1316 	1317
f 1270 	1269 	1318
f 1269 	1317 	1318
f 1271 	1270 	1319
f 1270 	1318 	1319
f 1272 	1271 	1320
f 1271 	1319 	1320
f 1273 	1272 	1321
f 1272 	1320 	1321
f 1274 	1273 	1322
f 1273 	1321 	1322
f 1275 	1274 	1323
f 1274 	1322 	1323
f 1276 	1275 	1324
f 1275 	1323 	1324
f 1277 	1276 	1325
f 1276 	1324 	1325
f 1278 	1277 	1326
f 1277 	1325 	1326
f 1279 	1278 	1327
f 1278 	1326 	1327
f 1280 	1279 	1328
f 1279 	1327 	1328
f 1281 	1280 	1329
f 1280 	1328 	1329
f 1282 	1281 	1330
f 1281 	1329 	1330
f 1283 	1282 	1331
f 1282 	1330 	1331
f 1284 	1283 	1332
f 1283 	1331 	1332
f 1285 	1284 	1333
f 1284 	1332 	1333
f 1286 	1285 	1334
f 1285 	1333 	1334
f 1287 	1286 	1335
f 1286 	1334 	1335
f 1288 	1287 	1336
f 1287 	1335 	1336
f 1289 	1288 	1337
f 1288 	1336 	1337
f 1290 	1289 	1338
f 1289 	1337 	1338
f 1291 	1290 	1339
f 1290 	1338 	1339
f 1292 	1291 	1340
f 1291 	1339 	1340
f 1293 	1292 	1341
f 1292 	1340 	1341
f 1294 	1293 	1342
f 1293 	1341 	1342
f 1295 	1294 	1343
f 1294 	1342 	1343
f 1296 	1295 	1344
f 1295 	1343 	1344
f 1297 	1296 	1345
f 1296 	1344 	1345
f 1298 	1297 	1346
f 1297 	1345 	1346
f 1299 	1298 	1347
f 1298 	1346 	1347
f 1300 	1299 	1348
f 1299 	1347 	1348
f 1301 	1300 	1349
f 1300 	1348 	1349
f 1302 	1301 	1350
f 1301 	1349 	1350
f 1303 	1302 	1351
f 1302 	1350 	1351
f 1304 	1303 	1352
f 1303 	1351 	1352
f 1305 	1304 	1353
f 1304 	1352 	1353
f 1306 	1305 	1354
f 1305 	1353 	1354
f 1307 	1306 	1355
f 1306 	1354 	1355
f 1308 	1307 	1356
f 1307 	1355 	1356
f 1309 	1308 	1357
f 1308 	1356 	1357
f 1262 	1309 	1311
f 1309 	1357 	1311
f 1310 	1311 	1358
f 1311 	1359 	1358
f 1312 	1310 	1360
f 1310 	1358 	1360
f 1313 	1312 	1361
f 1312 	1360 	1361
f 1314 	1313 	1362
f 1313 	1361 	1362
f 1315 	1314 	1363
f 1314 	1362 	1363
f 1316 	1315 	1364
f 1315 	1363 	1364
f 1317 	1316 	1365
f 1316 	1364 	1365
f 1318 	1317 	1366
f 1317 	1365 	1366
f 1319 	1318 	1367
f 1318 	1366 	1367
f 1320 	1319 	1368
f 1319 	1367 	1368
f 1321 	1320 	1369
f 1320 	1368 	1369
f 1322 	1321 	1370
f 1321 	1369 	1370
f 1323 	1322 	1371
f 1322 	1370 	1371
f 1324 	1323 	1372
f 1323 	1371 	1372
f 1325 	1324 	1373
f 1324 	1372 	1373
f 1326 	1325 	1374
f 1325 	1373 	1374
f 1327 	1326 	1375
f 1326 	1374 	1375
f 1328 	1327 	1376
f 1327 	1375 	1376
f 1329 	1328 	1377
f 1328 	1376 	1377
f 1330 	1329 	1378
f 1329 	1377 	1378
f 1331 	1330 	1379
f 1330 	1378 	1379
f 1332 	1331 	1380
f 1331 	1379 	1380
f 1333 	1332 	1381
f 1332 	1380 	1381
f 1334 	1333 	1382
f 1333 	1381 	1382
f 1335 	1334 	1383
f 1334 	1382 	1383
f 1336 	1335 	1384
f 1335 	1383 	1384
f 1337 	1336 	1385
f 1336 	1384 	1385
f 1338 	1337 	1386
f 1337 	1385 	1386
f 1339 	1338 	1387
f 1338 	1386 	1387
f 1340 	1339 	1388
f 1339 	1387 	1388
f 1341 	1340 	1389
f 1340 	1388 	1389
f 1342 	1341 	1390
f 1341 	1389 	1390
f 1343 	1342 	1391
f 1342 	1390 	1391
f 1344 	1343 	1392
f 1343 	1391 	1392
f 1345 	1344 	1393
f 1344 	1392 	1393
f 1346 	1345 	1394
f 1345 	1393 	1394
f 1347 	1346 	1395
f 1346 	1394 	1395
f 1348 	1347 	1396
f 1347 	1395 	1396
f 1349 	1348 	1397
f 1348 	1396 	1397
f 1350 	1349 	1398
f 1349 	1397 	1398
f 1351 	1350 	1399
f 1350 	1398 	1399
f 1352 	1351 	1400
f 1351 	1399 	1400
f 1353 	1352 	1401
f 1352 	1400 	1401
f 1354 	1353 	1402
f 1353 	1401 	1402
f 1355 	1354 	1403
f 1354 	1402 	1403
f 1356 	1355 	1404
f 1355 	1403 	1404
f 1357 	1356 	1405
f 1356 	1404 	1405
f 1311 	1357 	1359
f 1357 	1405 	1359
f 1358 	1359 	1406
f 1359 	1407 	1406
f 1360 	1358 	1408
f 1358 	1406 	1408
f 1361 	1360 	1409
f 1360 	1408 	1409
f 1362 	1361 	1410
f 1361 	1409 	1410
f 1363 	1362 	1411
f 1362 	1410 	1411
f 1364 	1363 	1412
f 1363 	1411 	1412
f 1365 	1364 	1413
f 1364 	1412 	1413
f 1366 	1365 	1414
f 1365 	1413 	1414
f 1367 	1366 	1415
f 1366 	1414 	1415
f 1368 	1367 	1416
f 1367 	1415 	1416
f 1369 	1368 	1417
f 1368 	1416 	1417
f 1370 	1369 	1418
f 1369 	1417 	1418
f 1371 	1370 	1419
f 1370 	1418 	1419
f 1372 	1371 	1420
f 1371 	1419 	1420
f 1373 	1372 	1421
f 1372 	1420 	1421
f 1374 	1373 	1422
f 1373 	1421 	1422
f 1375 	1374 	1423
f 1374 	1422 	1423
f 1376 	1375 	1424
f 1375 	1423 	1424
f 1377 	1376 	1425
f 1376 	1424 	1425
f 1378 	1377 	1426
f 1377 	1425 	1426
f 1379 	1378 	1427
f 1378 	1426 	1427
f 1380 	1379 	1428
f 1379 	1427 	1428
f 1381 	1380 	1429
f 1380 	1428 	1429
f 1382 	1381 	1430
f 1381 	1429 	1430
f 1383 	1382 	1431
f 1382 	1430 	1431
f 1384 	1383 	1432
f 1383 	1431 	1432
f 1385 	1384 	1433
f 1384 	1432 	1433
f 1386 	1385 	1434
f 1385 	1433 	1434
f 1387 	1386 	1435
f 1386 	1434 	1435
f 1388 	1387 	1436
f 1387 	1435 	1436
f 1389 	1388 	1437
f 1388 	1436 	1437
f 1390 	1389 	1438
f 1389 	1437 	1438
f 1391 	1390 	1439
f 1390 	1438 	1439
f 1392 	1391 	1440
f 1391 	1439 	1440
f 1393 	1392 	1441
f 1392 	1440 	1441
f 1394 	1393 	1442
f 1393 	1441 	1442
f 1395 	1394 	1443
f 1394 	1442 	1443
f 1396 	1395 	1444
f 1395 	1443 	1444
f 1397 	1396 	1445
f 1396 	1444 	1445
f 1398 	1397 	1446
f 1397 	1445 	1446
f 1399 	1398 	1447
f 1398 	1446 	1447
f 1400 	1399 	1448
f 1399 	1447 	1448
f 1401 	1400 	1449
f 1400 	1448 	1449
f 1402 	1401 	1450
f 1401 	1449 	1450
f 1403 	1402 	1451
f 1402 	1450 	1451
f 1404 	1403 	1452
f 1403 	1451 	1452
f 1405 	1404 	1453
f 1404 	1452 	1453
f 1359 	1405 	1407
f 1405 	1453 	1407
f 1406 	1407 	1454
f 1407 	1455 	1454
f 1408 	1406 	1456
f 1406 	1454 	1456
f 1409 	1408 	1457
f 1408 	1456 	1457
f 1410 	1409 	1458
f 1409 	1457 	1458
f 1411 	1410 	1459
f 1410 	1458 	1459
f 1412 	1411 	1460
f 1411 	1459 	1460
f 1413 	1412 	1461
f 1412 	1460 	1461
f 1414 	1413 	1462
f 1413 	1461 	1462
f 1415 	1414 	1463
f 1414 	1462 	1463
f 1416 	1415 	1464
f 1415 	1463 	1464
f 1417 	1416 	1465
f 1416 	1464 	1465
f 1418 	1417 	1466
f 1417 	1465 	1466
f 1419 	1418 	1467
f 1418 	1466 	1467
f 1420 	1419 	1468
f 1419 	1467 	1468
f 1421 	1420 	1469
f 1420 	1468 	1469
f 1422 	1421 	1470
f 1421 	1469 	1470
f 1423 	1422 	1471
f 1422 	1470 	1471
f 1424 	1423 	1472
f 1423 	1471 	1472
f 1425 	1424 	1473
f 1424 	1472 	1473
f 1426 	1425 	1474
f 1425 	1473 	1474
f 1427 	1426 	1475
f 1426 	1474 	1475
f 1428 	1427 	1476
f 1427 	1475 	1476
f 1429 	1428 	1477
f 1428 	1476 	1477
f 1430 	1429 	1478
f 1429 	1477 	1478
f 1431 	1430 	1479
f 1430 	1478 	1479
f 1432 	1431 	1480
f 1431 	1479 	1480
f 1433 	1432 	1481
f 1432 	1480 	1481
f 1434 	1433 	1482
f 1433 	1481 	1482
f 1435 	1434 	1483
f 1434 	1482 	1483
f 1436 	1435 	1484
f 1435 	1483 	1484
f 1437 	1436 	1485
f 1436 	1484 	1485
f 1438 	1437 	1486
f 1437 	1485 	1486
f 1439 	1438 	1487
f 1438 	1486 	1487
f 1440 	1439 	1488
f 1439 	1487 	1488
f 1441 	1440 	1489
f 1440 	1488 	1489
f 1442 	1441 	1490
f 1441 	1489 	1490
f 1443 	1442 	1491
f 1442 	1490 	1491
f 1444 	1443 	1492
f 1443 	1491 	1492
f 1445 	1444 	1493
f 1444 	1492 	1493
f 1446 	1445 	1494
f 1445 	1493 	1494
f 1447 	1446 	1495
f 1446 	1494 	1495
f 1448 	1447 	1496
f 1447 	1495 	1496
f 1449 	1448 	1497
f 1448 	1496 	1497
f 1450 	1449 	1498
f 1449 	1497 	1498
f 1451 	1450 	1499
f 1450 	1498 	1499
f 1452 	1451 	1500
f 1451 	1499 	1500
f 1453 	1452 	1501
f 1452 	1500 	1501
f 1407 	1453 	1455
f 1453 	1501 	1455
f 1454 	1455 	1502
f 1455 	1503 	1502
f 1456 	1454 	1504
f 1454 	1502 	1504
f 1457 	1456 	1505
f 1456 	1504 	1505
f 1458 	1457 	1506
f 1457 	1505 	1506
f 1459 	1458 	1507
f 1458 	1506 	1507
f 1460 	1459 	1508
f 1459 	1507 	1508
f 1461 	1460 	1509
f 1460 	1508 	1509
f 1462 	1461 	1510
f 1461 	1509 	1510
f 1463 	1462 	1511
f 1462 	1510 	1511
f 1464 	1463 	1512
f 1463 	1511 	1512
f 1465 	1464 	1513
f 1464 	1512 	1513
f 1466 	1465 	1514
f 1465 	1513 	1514
f 1467 	1466 	1515
f 1466 	1514 	1515
f 1468 	1467 	1516
f 1467 	1515 	1516
f 1469 	1468 	1517
f 1468 	1516 	1517
f 1470 	1469 	1518
f 1469 	1517 	1518
f 1471 	1470 	1519
f 1470 	1518 	1519
f 1472 	1471 	1520
f 1471 	1519 	1520
f 1473 	1472 	1521
f 1472 	1520 	1521
f 1474 	1473 	1522
f 1473 	1521 	1522
f 1475 	1474 	1523
f 1474 	1522 	1523
f 1476 	1475 	1524
f 1475 	1523 	1524
f 1477 	1476 	1525
f 1476 	1524 	1525
f 1478 	1477 	1526
f 1477 	1525 	1526
f 1479 	1478 	1527
f 1478 	1526 	1527
f 1480 	1479 	1528
f 1479 	1527 	1528
f 1481 	1480 	1529
f 1480 	1528 	1529
f 1482 	1481 	1530
f 1481 	1529 	1530
f 1483 	1482 	1531
f 1482 	1530 	1531
f 1484 	1483 	1532
f 1483 	1531 	1532
f 1485 	1484 	1533
f 1484 	1532 	1533
f 1486 	1485 	1534
f 1485 	1533 	1534
f 1487 	1486 	1535
f 1486 	1534 	1535
f 1488 	1487 	1536
f 1487 	1535 	1536
f 1489 	1488 	1537
f 1488 	1536 	1537
f 1490 	1489 	1538
f 1489 	1537 	1538
f 1491 	1490 	1539
f 1490 	1538 	1539
f 1492 	1491 	1540
f 1491 	1539 	1540
f 1493 	1492 	1541
f 1492 	1540 	1541
f 1494 	1493 	1542
f 1493 	1541 	1542
f 1495 	1494 	1543
f 1494 	1542 	1543
f 1496 	1495 	1544
f 1495 	1543 	1544
f 1497 	1496 	1545
f 1496 	1544 	1545
f 1498 	1497 	1546
f 1497 	1545 	1546
f 1499 	1498 	1547
f 1498 	1546 	1547
f 1500 	1499 	1548
f 1499 	1547 	1548
f 1501 	1500 	1549
f 1500 	1548 	1549
f 1455 	1501 	1503
f 1501 	1549 	1503
f 1502 	1503 	1550
f 1503 	1551 	1550
f 1504 	1502 	1552
f 1502 	1550 	1552
f 1505 	1504 	1553
f 1504 	1552 	1553
f 1506 	1505 	1554
f 1505 	1553 	1554
f 1507 	1506 	1555
f 1506 	1554 	1555
f 1508 	1507 	1556
f 1507 	1555 	1556
f 1509 	1508 	1557
f 1508 	1556 	1557
f 1510 	1509 	1558
f 1509 	1557 	1558
f 1511 	1510 	1559
f 1510 	1558 	1559
f 1512 	1511 	1560
f 1511 	1559 	1560
f 1513 	1512 	1561
f 1512 	1560 	1561
f 1514 	1513 	1562
f 1513 	1561 	1562
f 1515 	1514 	1563
f 1514 	1562 	1563
f 1516 	1515 	1564
f 1515 	1563 	1564
f 1517 	1516 	1565
f 1516 	1564 	1565
f 1518 	1517 	1566
f 1517 	1565 	1566
f 1519 	1518 	1567
f 1518 	1566 	1567
f 1520 	1519 	1568
f 1519 	1567 	1568
f 1521 	1520 	1569
f 1520 	1568 	1569
f 1522 	1521 	1570
f 1521 	1569 	1570
f 1523 	1522 	1571
f 1522 	1570 	1571
f 1524 	1523 	1572
f 1523 	1571 	1572
f 1525 	1524 	1573
f 1524 	1572 	1573
f 1526 	1525 	1574
f 1525 	1573 	1574
f 1527 	1526 	1575
f 1526 	1574 	1575
f 1528 	1527 	1576
f 1527 	1575 	1576
f 1529 	1528 	1577
f 1528 	1576 	1577
f 1530 	1529 	1578
f 1529 	1577 	1578
f 1531 	1530 	1579
f 1530 	1578 	1579
f 1532 	1531 	1580
f 1531 	1579 	1580
f 1533 	1532 	1581
f 1532 	1580 	1581
f 1534 	1533 	1582
f 1533 	1581 	1582
f 1535 	1534 	1583
f 1534 	1582 	1583
f 1536 	1535 	1584
f 1535 	1583 	1584
f 1537 	1536 	1585
f 1536 	1584 	1585
f 1538 	1537 	1586
f 1537 	1585 	1586
f 1539 	1538 	1587
f 1538 	1586 	1587
f 1540 	1539 	1588
f 1539 	1587 	1588
f 1541 	1540 	1589
f 1540 	1588 	1589
f 1542 	1541 	1590
f 1541 	1589 	1590
f 1543 	1542 	1591
f 1542 	1590 	1591
f 1544 	1543 	1592
f 1543 	1591 	1592
f 1545 	1544 	1593
f 1544 	1592 	1593
f 1546 	1545 	1594
f 1545 	1593 	1594
f 1547 	1546 	1595
f 1546 	1594 	1595
f 1548 	1547 	1596
f 1547 	1595 	1596
f 1549 	1548 	1597
f 1548 	1596 	1597
f 1503 	1549 	1551
f 1549 	1597 	1551
f 1550 	1551 	1598
f 1551 	1599 	1598
f 1552 	1550 	1600
f 1550 	1598 	1600
f 1553 	1552 	1601
f 1552 	1600 	1601
f 1554 	1553 	1602
f 1553 	1601 	1602
f 1555 	1554 	1603
f 1554 	1602 	1603
f 1556 	1555 	1604
f 1555 	1603 	1604
f 1557 	1556 	1605
f 1556 	1604 	1605
f 1558 	1557 	1606
f 1557 	1605 	1606
f 1559 	1558 	1607
f 1558 	1606 	1607
f 1560 	1559 	1608
f 1559 	1607 	1608
f 1561 	1560 	1609
f 1560 	1608 	1609
f 1562 	1561 	1610
f 1561 	1609 	1610
f 1563 	1562 	1611
f 1562 	1610 	1611
f 1564 	1563 	1612
f 1563 	1611 	1612
f 1565 	1564 	1613
f 1564 	1612 	1613
f 1566 	1565 	1614
f 1565 	1613 	1614
f 1567 	1566 	1615
f 1566 	1614 	1615
f 1568 	1567 	1616
f 1567 	1615 	1616
f 1569 	1568 	1617
f 1568 	1616 	1617
f 1570 	1569 	1618
f 1569 	1617 	1618
f 1571 	1570 	1619
f 1570 	1618 	1619
f 1572 	1571 	1620
f 1571 	1619 	1620
f 1573 	1572 	1621
f 1572 	1620 	1621
f 1574 	1573 	1622
f 1573 	1621 	1622
f 1575 	1574 	1623
f 1574 	1622 	1623
f 1576 	1575 	1624
f 1575 	1623 	1624
f 1577 	1576 	1625
f 1576 	1624 	1625
f 1578 	1577 	1626
f 1577 	1625 	1626
f 1579 	1578 	1627
f 1578 	1626 	1627
f 1580 	1579 	1628
f 1579 	1627 	1628
f 1581 	1580 	1629
f 1580 	1628 	1629
f 1582 	1581 	1630
f 1581 	1629 	1630
f 1583 	1582 	1631
f 1582 	1630 	1631
f 1584 	1583 	1632
f 1583 	1631 	1632
f 1585 	1584 	1633
f 1584 	1632 	1633
f 1586 	1585 	1634
f 1585 	1633 	1634
f 1587 	1586 	1635
f 1586 	1634 	1635
f 1588 	1587 	1636
f 1587 	1635 	1636
f 1589 	1588 	1637
f 1588 	1636 	1637
f 1590 	1589 	1638
f 1589 	1637 	1638
f 1591 	1590 	1639
f 1590 	1638 	1639
f 1592 	1591 	1640
f 1591 	1639 	1640
f 1593 	1592 	1641
f 1592 	1640 	1641
f 1594 	1593 	1642
f 1593 	1641 	1642
f 1595 	1594 	1643
f 1594 	1642 	1643
f 1596 	1595 	1644
f 1595 	1643 	1644
f 1597 	1596 	1645
f 1596 	1644 	1645
f 1551 	1597 	1599
f 1597 	1645 	1599
f 1598 	1599 	1646
f 1599 	1647 	1646
f 1600 	1598 	1648
f 1598 	1646 	1648
f 1601 	1600 	1649
f 1600 	1648 	1649
f 1602 	1601 	1650
f 1601 	1649 	1650
f 1603 	1602 	1651
f 1602 	1650 	1651
f 1604 	1603 	1652
f 1603 	1651 	1652
f 1605 	1604 	1653
f 1604 	1652 	1653
f 1606 	1605 	1654
f 1605 	1653 	1654
f 1607 	1606 	1655
f 1606 	1654 	1655
f 1608 	1607 	1656
f 1607 	1655 	1656
f 1609 	1608 	1657
f 1608 	1656 	1657
f 1610 	1609 	1658
f 1609 	1657 	1658
f 1611 	1610 	1659
f 1610 	1658 	1659
f 1612 	1611 	1660
f 1611 	1659 	1660
f 1613 	1612 	1661
f 1612 	1660 	1661
f 1614 	1613 	1662
f 1613 	1661 	1662
f 1615 	1614 	1663
f 1614 	1662 	1663
f 1616 	1615 	1664
f 1615 	1663 	1664
f 1617 	1616 	1665
f 1616 	1664 	1665
f 1618 	1617 	1666
f 1617 	1665 	1666
f 1619 	1618 	1667
f 1618 	1666 	1667
f 1620 	1619 	1668
f 1619 	1667 	1668
f 1621 	1620 	1669
f 1620 	1668 	1669
f 1622 	1621 	1670
f 1621 	1669 	1670
f 1623 	1622 	1671
f 1622 	1670 	1671
f 1624 	1623 	1672
f 1623 	1671 	1672
f 1625 	1624 	1673
f 1624 	1672 	1673
f 1626 	1625 	1674
f 1625 	1673 	1674
f 1627 	1626 	1675
f 1626 	1674 	1675
f 1628 	1627 	1676
f 1627 	1675 	1676
f 1629 	1628 	1677
f 1628 	1676 	1677
f 1630 	1629 	1678
f 1629 	1677 	1678
f 1631 	1630 	1679
f 1630 	1678 	1679
f 1632 	1631 	1680
f 1631 	1679 	1680
f 1633 	1632 	1681
f 1632 	1680 	1681
f 1634 	1633 	1682
f 1633 	1681 	1682
f 1635 	1634 	1683
f 1634 	1682 	1683
f 1636 	1635 	1684
f 1635 	1683 	1684
f 1637 	1636 	1685
f 1636 	1684 	1685
f 1638 	1637 	1686
f 1637 	1685 	1686
f 1639 	1638 	1687
f 1638 	1686 	1687
f 1640 	1639 	1688
f 1639 	1687 	1688
f 1641 	1640 	1689
f 1640 	1688 	1689
f 1642 	1641 	1690
f 1641 	1689 	1690
f 1643 	1642 	1691
f 1642 	1690 	1691
f 1644 	1643 	1692
f 1643 	1691 	1692
f 1645 	1644 	1693
f 1644 	1692 	1693
f 1599 	1645 	1647
f 1645 	1693 	1647
f 1646 	1647 	1694
f 1647 	1695 	1694
f 1648 	1646 	1696
f 1646 	1694 	1696
f 1649 	1648 	1697
f 1648 	1696 	1697
f 1650 	1649 	1698
f 1649 	1697 	1698
f 1651 	1650 	1699
f 1650 	1698 	1699
f 1652 	1651 	1700
f 1651 	1699 	1700
f 1653 	1652 	1701
f 1652 	1700 	1701
f 1654 	1653 	1702
f 1653 	1701 	1702
f 1655 	1654 	1703
f 1654 	1702 	1703
f 1656 	1655 	1704
f 1655 	1703 	1704
f 1657 	1656 	1705
f 1656 	1704 	1705
f 1658 	1657 	1706
f 1657 	1705 	1706
f 1659 	1658 	1707
f 1658 	1706 	1707
f 1660 	1659 	1708
f 1659 	1707 	1708
f 1661 	1660 	1709
f 1660 	1708 	1709
f 1662 	1661 	1710
f 1661 	1709 	1710
f 1663 	1662 	1711
f 1662 	1710 	1711
f 1664 	1663 	1712
f 1663 	1711 	1712
f 1665 	1664 	1713
f 1664 	1712 	1713
f 1666 	1665 	1714
f 1665 	1713 	1714
f 1667 	1666 	1715
f 1666 	1714 	1715
f 1668 	1667 	1716
f 1667 	1715 	1716
f 1669 	1668 	1717
f 1668 	1716 	1717
f 1670 	1669 	1718
f 1669 	1717 	1718
f 1671 	1670 	1719
f 1670 	1718 	1719
f 1672 	1671 	1720
f 1671 	1719 	1720
f 1673 	1672 	1721
f 1672 	1720 	1721
f 1674 	1673 	1722
f 1673 	1721 	1722
f 1675 	1674 	1723
f 1674 	1722 	1723
f 1676 	1675 	1724
f 1675 	1723 	1724
f 1677 	1676 	1725
f 1676 	1724 	1725
f 1678 	1677 	1726
f 1677 	1725 	1726
f 1679 	1678 	1727
f 1678 	1726 	1727
f 1680 	1679 	1728
f 1679 	1727 	1728
f 1681 	1680 	1729
f 1680 	1728 	1729
f 1682 	1681 	1730
f 1681 	1729 	1730
f 1683 	1682 	1731
f 1682 	1730 	1731
f 1684 	1683 	1732
f 1683 	1731 	1732
f 1685 	1684 	1733
f 1684 	1732 	1733
f 1686 	1685 	1734
f 1685 	1733 	1734
f 1687 	1686 	1735
f 1686 	1734 	1735
f 1688 	1687 	1736
f 1687 	1735 	1736
f 1689 	1688 	1737
f 1688 	1736 	1737
f 1690 	1689 	1738
f 1689 	1737 	1738
f 1691 	1690 	1739
f 1690 	1738 	1739
f 1692 	1691 	1740
f 1691 	1739 	1740
f 1693 	1692 	1741
f 1692 	1740 	1741
f 1647 	1693 	1695
f 1693 	1741 	1695
f 1694 	1695 	1742
f 1695 	1743 	1742
f 1696 	1694 	1744
f 1694 	1742 	1744
f 1697 	1696 	1745
f 1696 	1744 	1745
f 1698 	1697 	1746
f 1697 	1745 	1746
f 1699 	1698 	1747
f 1698 	1746 	1747
f 1700 	1699 	1748
f 1699 	1747 	1748
f 1701 	1700 	1749
f 1700 	1748 	1749
f 1702 	1701 	1750
f 1701 	1749 	1750
f 1703 	1702 	1751
f 1702 	1750 	1751
f 1704 	1703 	1752
f 1703 	1751 	1752
f 1705 	1704 	1753
f 1704 	1752 	1753
f 1706 	1705 	1754
f 1705 	1753 	1754
f 1707 	1706 	1755
f 1706 	1754 	1755
f 1708 	1707 	1756
f 1707 	1755 	1756
f 1709 	1708 	1757
f 1708 	1756 	1757
f 1710 	1709 	1758
f 1709 	1757 	1758
f 1711 	1710 	1759
f 1710 	1758 	1759
f 1712 	1711 	1760
f 1711 	1759 	1760
f 1713 	1712 	1761
f 1712 	1760 	1761
f 1714 	1713 	1762
f 1713 	1761 	1762
f 1715 	1714 	1763
f 1714 	1762 	1763
f 1716 	1715 	1764
f 1715 	1763 	1764
f 1717 	1716 	1765
f 1716 	1764 	1765
f 1718 	1717 	1766
f 1717 	1765 	1766
f 1719 	1718 	1767
f 1718 	1766 	1767
f 1720 	1719 	1768
f 1719 	1767 	1768
f 1721 	1720 	1769
f 1720 	1768 	1769
f 1722 	1721 	1770
f 1721 	1769 	1770
f 1723 	1722 	1771
f 1722 	1770 	1771
f 1724 	1723 	1772
f 1723 	1771 	1772
f 1725 	1724 	1773
f 1724 	1772 	1773
f 1726 	1725 	1774
f 1725 	1773 	1774
f 1727 	1726 	1775
f 1726 	1774 	1775
f 1728 	1727 	1776
f 1727 	1775 	1776
f 1729 	1728 	1777
f 1728 	1776 	1777
f 1730 	1729 	1778
f 1729 	1777 	1778
f 1731 	1730 	1779
f 1730 	1778 	1779
f 1732 	1731 	1780
f 1731 	1779 	1780
f 1733 	1732 	1781
f 1732 	1780 	1781
f 1734 	1733 	1782
f 1733 	1781 	1782
f 1735 	1734 	1783
f 1734 	1782 	1783
f 1736 	1735 	1784
f 1735 	1783 	1784
f 1737 	1736 	1785
f 1736 	1784 	1785
f 1738 	1737 	1786
f 1737 	1785 	1786
f 1739 	1738 	1787
f 1738 	1786 	1787
f 1740 	1739 	1788
f 1739 	1787 	1788
f 1741 	1740 	1789
f 1740 	1788 	1789
f 1695 	1741 	1743
f 1741 	1789 	1743
f 1742 	1743 	1790
f 1743 	1791 	1790
f 1744 	1742 	1792
f 1742 	1790 	1792
f 1745 	1744 	1793
f 1744 	1792 	1793
f 1746 	1745 	1794
f 1745 	1793 	1794
f 1747 	1746 	1795
f 1746 	1794 	1795
f 1748 	1747 	1796
f 1747 	1795 	1796
f 1749 	1748 	1797
f 1748 	1796 	1797
f 1750 	1749 	1798
f 1749 	1797 	1798
f 1751 	1750 	1799
f 1750 	1798 	1799
f 1752 	1751 	1800
f 1751 	1799 	1800
f 1753 	1752 	1801
f 1752 	1800 	1801
f 1754 	1753 	1802
f 1753 	1801 	1802
f 1755 	1754 	1803
f 1754 	1802 	1803
f 1756 	1755 	1804
f 1755 	1803 	1804
f 1757 	1756 	1805
f 1756 	1804 	1805
f 1758 	1757 	1806
f 1757 	1805 	1806
f 1759 	1758 	1807
f 1758 	1806 	1807
f 1760 	1759 	1808
f 1759 	1807 	1808
f 1761 	1760 	1809
f 1760 	1808 	1809
f 1762 	1761 	1810
f 1761 	1809 	1810
f 1763 	1762 	1811
f 1762 	1810 	1811
f 1764 	1763 	1812
f 1763 	1811 	1812
f 1765 	1764 	1813
f 1764 	1812 	1813
f 1766 	1765 	1814
f 1765 	1813 	1814
f 1767 	1766 	1815
f 1766 	1814 	1815
f 1768 	1767 	1816
f 1767 	1815 	1816
f 1769 	1768 	1817
f 1768 	1816 	1817
f 1770 	1769 	1818
f 1769 	1817 	1818
f 1771 	1770 	1819
f 1770 	1818 	1819
f 1772 	1771 	1820
f 1771 	1819 	1820
f 1773 	1772 	1821
f 1772 	1820 	1821
f 1774 	1773 	1822
f 1773 	1821 	1822
f 1775 	1774 	1823
f 1774 	1822 	1823
f 1776 	1775 	1824
f 1775 	1823 	1824
f 1777 	1776 	1825
f 1776 	1824 	1825
f 1778 	1777 	1826
f 1777 	1825 	1826
f 1779 	1778 	1827
f 1778 	1826 	1827
f 1780 	1779 	1828
f 1779 	1827 	1828
f 1781 	1780 	1829
f 1780 	1828 	1829
f 1782 	1781 	1830
f 1781 	1829 	1830
f 1783 	1782 	1831
f 1782 	1830 	1831
f 1784 	1783 	1832
f 1783 	1831 	1832
f 1785 	1784 	1833
f 1784 	1832 	1833
f 1786 	1785 	1834
f 1785 	1833 	1834
f 1787 	1786 	1835
f 1786 	1834 	1835
f 1788 	1787 	1836
f 1787 	1835 	1836
f 1789 	1788 	1837
f 1788 	1836 	1837
f 1743 	1789 	1791
f 1789 	1837 	1791
f 1790 	1791 	1838
f 1791 	1839 	1838
f 1792 	1790 	1840
f 1790 	1838 	1840
f 1793 	1792 	1841
f 1792 	1840 	1841
f 1794 	1793 	1842
f 1793 	1841 	1842
f 1795 	1794 	1843
f 1794 	1842 	1843
f 1796 	1795 	1844
f 1795 	1843 	1844
f 1797 	1796 	1845
f 1796 	1844 	1845
f 1798 	1797 	1846
f 1797 	1845 	1846
f 1799 	1798 	1847
f 1798 	1846 	1847
f 1800 	1799 	1848
f 1799 	1847 	1848
f 1801 	1800 	1849
f 1800 	1848 	1849
f 1802 	1801 	1850
f 1801 	1849 	1850
f 1803 	1802 	1851
f 1802 	1850 	1851
f 1804 	1803 	1852
f 1803 	1851 	1852
f 1805 	1804 	1853
f 1804 	1852 	1853
f 1806 	1805 	1854
f 1805 	1853 	1854
f 1807 	1806 	1855
f 1806 	1854 	1855
f 1808 	1807 	1856
f 1807 	1855 	1856
f 1809 	1808 	1857
f 1808 	1856 	1857
f 1810 	1809 	1858
f 1809 	1857 	1858
f 1811 	1810 	1859
f 1810 	1858 	1859
f 1812 	1811 	1860
f 1811 	1859 	1860
f 1813 	1812 	1861
f 1812 	1860 	1861
f 1814 	1813 	1862
f 1813 	1861 	1862
f 1815 	1814 	1863
f 1814 	1862 	1863
f 1816 	1815 	1864
f 1815 	1863 	1864
f 1817 	1816 	1865
f 1816 	1864 	1865
f 1818 	1817 	1866
f 1817 	1865 	1866
f 1819 	1818 	1867
f 1818 	1866 	1867
f 1820 	1819 	1868
f 1819 	1867 	1868
f 1821 	1820 	1869
f 1820 	1868 	1869
f 1822 	1821 	1870
f 1821 	1869 	1870
f 1823 	1822 	1871
f 1822 	1870 	1871
f 1824 	1823 	1872
f 1823 	1871 	1872
f 1825 	1824 	1873
f 1824 	1872 	1873
f 1826 	1825 	1874
f 1825 	1873 	1874
f 1827 	1826 	1875
f 1826 	1874 	1875
f 1828 	1827 	1876
f 1827 	1875 	1876
f 1829 	1828 	1877
f 1828 	1876 	1877
f 1830 	1829 	1878
f 1829 	1877 	1878
f 1831 	1830 	1879
f 1830 	1878 	1879
f 1832 	1831 	1880
f 1831 	1879 	1880
f 1833 	1832 	1881
f 1832 	1880 	1881
f 1834 	1833 	1882
f 1833 	1881 	1882
f 1835 	1834 	1883
f 1834 	1882 	1883
f 1836 	1835 	1884
f 1835 	1883 	1884
f 1837 	1836 	1885
f 1836 	1884 	1885
f 1791 	1837 	1839
f 1837 	1885 	1839
f 1838 	1839 	1886
f 1839 	1887 	1886
f 1840 	1838 	1888
f 1838 	1886 	1888
f 1841 	1840 	1889
f 1840 	1888 	1889
f 1842 	1841 	1890
f 1841 	1889 	1890
f 1843 	1842 	1891
f 1842 	1890 	1891
f 1844 	1843 	1892
f 1843 	1891 	1892
f 1845 	1844 	1893
f 1844 	1892 	1893
f 1846 	1845 	1894
f 1845 	1893 	1894
f 1847 	1846 	1895
f 1846 	1894 	1895
f 1848 	1847 	1896
f 1847 	1895 	1896
f 1849 	1848 	1897
f 1848 	1896 	1897
f 1850 	1849 	1898
f 1849 	1897 	1898
f 1851 	1850 	1899
f 1850 	1898 	1899
f 1852 	1851 	1900
f 1851 	1899 	1900
f 1853 	1852 	1901
f 1852 	1900 	1901
f 1854 	1853 	1902
f 1853 	1901 	1902
f 1855 	1854 	1903
f 1854 	1902 	1903
f 1856 	1855 	1904
f 1855 	1903 	1904
f 1857 	1856 	1905
f 1856 	1904 	1905
f 1858 	1857 	1906
f 1857 	1905 	1906
f 1859 	1858 	1907
f 1858 	1906 	1907
f 1860 	1859 	1908
f 1859 	1907 	1908
f 1861 	1860 	1909
f 1860 	1908 	1909
f 1862 	1861 	1910
f 1861 	1909 	1910
f 1863 	1862 	1911
f 1862 	1910 	1911
f 1864 	1863 	1912
f 1863 	1911 	1912
f 1865 	1864 	1913
f 1864 	1912 	1913
f 1866 	1865 	1914
f 1865 	1913 	1914
f 1867 	1866 	1915
f 1866 	1914 	1915
f 1868 	1867 	1916
f 1867 	1915 	1916
f 1869 	1868 	1917
f 1868 	1916 	1917
f 1870 	1869 	1918
f 1869 	1917 	1918
f 1871 	1870 	1919
f 1870 	1918 	1919
f 1872 	1871 	1920
f 1871 	1919 	1920
f 1873 	1872 	1921
f 1872 	1920 	1921
f 1874 	1873 	1922
f 1873 	1921 	1922
f 1875 	1874 	1923
f 1874 	1922 	1923
f 1876 	1875 	1924
f 1875 	1923 	1924
f 1877 	1876 	1925
f 1876 	1924 	1925
f 1878 	1877 	1926
f 1877 	1925 	1926
f 1879 	1878 	1927
f 1878 	1926 	1927
f 1880 	1879 	1928
f 1879 	1927 	1928
f 1881 	1880 	1929
f 1880 	1928 	1929
f 1882 	1881 	1930
f 1881 	1929 	1930
f 1883 	1882 	1931
f 1882 	1930 	1931
f 1884 	1883 	1932
f 1883 	1931 	1932
f 1885 	1884 	1933
f 1884 	1932 	1933
f 1839 	1885 	1887
f 1885 	1933 	1887
f 1886 	1887 	1934
f 1887 	1935 	1934
f 1888 	1886 	1936
f 1886 	1934 	1936
f 1889 	1888 	1937
f 1888 	1936 	1937
f 1890 	1889 	1938
f 1889 	1937 	1938
f 1891 	1890 	1939
f 1890 	1938 	1939
f 1892 	1891 	1940
f 1891 	1939 	1940
f 1893 	1892 	1941
f 1892 	1940 	1941
f 1894 	1893 	1942
f 1893 	1941 	1942
f 1895 	1894 	1943
f 1894 	1942 	1943
f 1896 	1895 	1944
f 1895 	1943 	1944
f 1897 	1896 	1945
f 1896 	1944 	1945
f 1898 	1897 	1946
f 1897 	1945 	1946
f 1899 	1898 	1947
f 1898 	1946 	1947
f 1900 	1899 	1948
f 1899 	1947 	1948
f 1901 	1900 	1949
f 1900 	1948 	1949
f 1902 	1901 	1950
f 1901 	1949 	1950
f 1903 	1902 	1951
f 1902 	1950 	1951
f 1904 	1903 	1952
f 1903 	1951 	1952
f 1905 	1904 	1953
f 1904 	1952 	1953
f 1906 	1905 	1954
f 1905 	1953 	1954
f 1907 	1906 	1955
f 1906 	1954 	1955
f 1908 	1907 	1956
f 1907 	1955 	1956
f 1909 	1908 	1957
f 1908 	1956 	1957
f 1910 	1909 	1958
f 1909 	1957 	1958
f 1911 	1910 	1959
f 1910 	1958 	1959
f 1912 	1911 	1960
f 1911 	1959 	1960
f 1913 	1912 	1961
f 1912 	1960 	1961
f 1914 	1913 	1962
f 1913 	1961 	1962
f 1915 	1914 	1963
f 1914 	1962 	1963
f 1916 	1915 	1964
f 1915 	1963 	1964
f 1917 	1916 	1965
f 1916 	1964 	1965
f 1918 	1917 	1966
f 1917 	1965 	1966
f 1919 	1918 	1967
f 1918 	1966 	1967
f 1920 	1919 	1968
f 1919 	1967 	1968
f 1921 	1920 	1969
f 1920 	1968 	1969
f 1922 	1921 	1970
f 1921 	1969 	1970
f 1923 	1922 	1971
f 1922 	1970 	1971
f 1924 	1923 	1972
f 1923 	1971 	1972
f 1925 	1924 	1973
f 1924 	1972 	1973
f 1926 	1925 	1974
f 1925 	1973 	1974
f 1927 	1926 	1975
f 1926 	1974 	1975
f 1928 	1927 	1976
f 1927 	1975 	1976
f 1929 	1928 	1977
f 1928 	1976 	1977
f 1930 	1929 	1978
f 1929 	1977 	1978
f 1931 	1930 	1979
f 1930 	1978 	1979
f 1932 	1931 	1980
f 1931 	1979 	1980
f 1933 	1932 	1981
f 1932 	1980 	1981
f 1887 	1933 	1935
f 1933 	1981 	1935
f 1934 	1935 	1982
f 1935 	1983 	1982
f 1936 	1934 	1984
f 1934 	1982 	1984
f 1937 	1936 	1985
f 1936 	1984 	1985
f 1938 	1937 	1986
f 1937 	1985 	1986
f 1939 	1938 	1987
f 1938 	1986 	1987
f 1940 	1939 	1988
f 1939 	1987 	1988
f 1941 	1940 	1989
f 1940 	1988 	1989
f 1942 	1941 	1990
f 1941 	1989 	1990
f 1943 	1942 	1991
f 1942 	1990 	1991
f 1944 	1943 	1992
f 1943 	1991 	1992
f 1945 	1944 	1993
f 1944 	1992 	1993
f 1946 	1945 	1994
f 1945 	1993 	1994
f 1947 	1946 	1995
f 1946 	1994 	1995
f 1948 	1947 	1996
f 1947 	1995 	1996
f 1949 	1948 	1997
f 1948 	1996 	1997
f 1950 	1949 	1998
f 1949 	1997 	1998
f 1951 	1950 	1999
f 1950 	1998 	1999
f 1952 	1951 	2000
f 1951 	1999 	2000
f 1953 	1952 	2001
f 1952 	2000 	2001
f 1954 	1953 	2002
f 1953 	2001 	2002
f 1955 	1954 	2003
f 1954 	2002 	2003
f 1956 	1955 	2004
f 1955 	2003 	2004
f 1957 	1956 	2005
f 1956 	2004 	2005
f 1958 	1957 	2006
f 1957 	2005 	2006
f 1959 	1958 	2007
f 1958 	2006 	2007
f 1960 	1959 	2008
f 1959 	2007 	2008
f 1961 	1960 	2009
f 1960 	2008 	2009
f 1962 	1961 	2010
f 1961 	2009 	2010
f 1963 	1962 	2011
f 1962 	2010 	2011
f 1964 	1963 	2012
f 1963 	2011 	2012
f 1965 	1964 	2013
f 1964 	2012 	2013
f 1966 	1965 	2014
f 1965 	2013 	2014
f 1967 	1966 	2015
f 1966 	2014 	2015
f 1968 	1967 	2016
f 1967 	2015 	2016
f 1969 	1968 	2017
f 1968 	2016 	2017
f 1970 	1969 	2018
f 1969 	2017 	2018
f 1971 	1970 	2019
f 1970 	2018 	2019
f 1972 	1971 	2020
f 1971 	2019 	2020
f 1973 	1972 	2021
f 1972 	2020 	2021
f 1974 	1973 	2022
f 1973 	2021 	2022
f 1975 	1974 	2023
f 1974 	2022 	2023
f 1976 	1975 	2024
f 1975 	2023 	2024
f 1977 	1976 	2025
f 1976 	2024 	2025
f 1978 	1977 	2026
f 1977 	2025 	2026
f 1979 	1978 	2027
f 1978 	2026 	2027
f 1980 	1979 	2028
f 1979 	2027 	2028
f 1981 	1980 	2029
f 1980 	2028 	2029
f 1935 	1981 	1983
f 1981 	2029 	1983
f 1982 	1983 	2030
f 1983 	2031 	2030
f 1984 	1982 	2032
f 1982 	2030 	2032
f 1985 	1984 	2033
f 1984 	2032 	2033
f 1986 	1985 	2034
f 1985 	2033 	2034
f 1987 	1986 	2035
f 1986 	2034 	2035
f 1988 	1987 	2036
f 1987 	2035 	2036
f 1989 	1988 	2037
f 1988 	2036 	2037
f 1990 	1989 	2038
f 1989 	2037 	2038
f 1991 	1990 	2039
f 1990 	2038 	2039
f 1992 	1991 	2040
f 1991 	2039 	2040
f 1993 	1992 	2041
f 1992 	2040 	2041
f 1994 	1993 	2042
f 1993 	2041 	2042
f 1995 	1994 	2043
f 1994 	2042 	2043
f 1996 	1995 	2044
f 1995 	2043 	2044
f 1997 	1996 	2045
f 1996 	2044 	2045
f 1998 	1997 	2046
f 1997 	2045 	2046
f 1999 	1998 	2047
f 1998 	2046 	2047
f 2000 	1999 	2048
f 1999 	2047 	2048
f 2001 	2000 	2049
f 2000 	2048 	2049
f 2002 	2001 	2050
f 2001 	2049 	2050
f 2003 	2002 	2051
f 2002 	2050 	2051
f 2004 	2003 	2052
f 2003 	2051 	2052
f 2005 	2004 	2053
f 2004 	2052 	2053
f 2006 	2005 	2054
f 2005 	2053 	2054
f 2007 	2006 	2055
f 2006 	2054 	2055
f 2008 	2007 	2056
f 2007 	2055 	2056
f 2009 	2008 	2057
f 2008 	2056 	2057
f 2010 	2009 	2058
f 2009 	2057 	2058
f 2011 	2010 	2059
f 2010 	2058 	2059
f 2012 	2011 	2060
f 2011 	2059 	2060
f 2013 	2012 	2061
f 2012 	2060 	2061
f 2014 	2013 	2062
f 2013 	2061 	2062
f 2015 	2014 	2063
f 2014 	2062 	2063
f 2016 	2015 	2064
f 2015 	2063 	2064
f 2017 	2016 	2065
f 2016 	2064 	2065
f 2018 	2017 	2066
f 2017 	2065 	2066
f 2019 	2018 	2067
f 2018 	2066 	2067
f 2020 	2019 	2068
f 2019 	2067 	2068
f 2021 	2020 	2069
f 2020 	2068 	2069
f 2022 	2021 	2070
f 2021 	2069 	2070
f 2023 	2022 	2071
f 2022 	2070 	2071
f 2024 	2023 	2072
f 2023 	2071 	2072
f 2025 	2024 	2073
f 2024 	2072 	2073
f 2026 	2025 	2074
f 2025 	2073 	2074
f 2027 	2026 	2075
f 2026 	2074 	2075
f 2028 	2027 	2076
f 2027 	2075 	2076
f 2029 	2028 	2077
f 2028 	2076 	2077
f 1983 	2029 	2031
f 2029 	2077 	2031
f 2030 	2031 	2078
f 2031 	2079 	2078
f 2032 	2030 	2080
f 2030 	2078 	2080
f 2033 	2032 	2081
f 2032 	2080 	2081
f 2034 	2033 	2082
f 2033 	2081 	2082
f 2035 	2034 	2083
f 2034 	2082 	2083
f 2036 	2035 	2084
f 2035 	2083 	2084
f 2037 	2036 	2085
f 2036 	2084 	2085
f 2038 	2037 	2086
f 2037 	2085 	2086
f 2039 	2038 	2087
f 2038 	2086 	2087
f 2040 	2039 	2088
f 2039 	2087 	2088
f 2041 	2040 	2089
f 2040 	2088 	2089
f 2042 	2041 	2090
f 2041 	2089 	2090
f 2043 	2042 	2091
f 2042 	2090 	2091
f 2044 	2043 	2092
f 2043 	2091 	2092
f 2045 	2044 	2093
f 2044 	2092 	2093
f 2046 	2045 	2094
f 2045 	2093 	2094
f 2047 	2046 	2095
f 2046 	2094 	2095
f 2048 	2047 	2096
f 2047 	2095 	2096
f 2049 	2048 	2097
f 2048 	2096 	2097
f 2050 	2049 	2098
f 2049 	2097 	2098
f 2051 	2050 	2099
f 2050 	2098 	2099
f 2052 	2051 	2100
f 2051 	2099 	2100
f 2053 	2052 	2101
f 2052 	2100 	2101
f 2054 	2053 	2102
f 2053 	2101 	2102
f 2055 	2054 	2103
f 2054 	2102 	2103
f 2056 	2055 	2104
f 2055 	2103 	2104
f 2057 	2056 	2105
f 2056 	2104 	2105
f 2058 	2057 	2106
f 2057 	2105 	2106
f 2059 	2058 	2107
f 2058 	2106 	2107
f 2060 	2059 	2108
f 2059 	2107 	2108
f 2061 	2060 	2109
f 2060 	2108 	2109
f 2062 	2061 	2110
f 2061 	2109 	2110
f 2063 	2062 	2111
f 2062 	2110 	2111
f 2064 	2063 	2112
f 2063 	2111 	2112
f 2065 	2064 	2113
f 2064 	2112 	2113
f 2066 	2065 	2114
f 2065 	2113 	2114
f 2067 	2066 	2115
f 2066 	2114 	2115
f 2068 	2067 	2116
f 2067 	2115 	2116
f 2069 	2068 	2117
f 2068 	2116 	2117
f 2070 	2069 	2118
f 2069 	2117 	2118
f 2071 	2070 	2119
f 2070 	2118 	2119
f 2072 	2071 	2120
f 2071 	2119 	2120
f 2073 	2072 	2121
f 2072 	2120 	2121
f 2074 	2073 	2122
f 2073 	2121 	2122
f 2075 	2074 	2123
f 2074 	2122 	2123
f 2076 	2075 	2124
f 2075 	2123 	2124
f 2077 	2076 	2125
f 2076 	2124 	2125
f 2031 	2077 	2079
f 2077 	2125 	2079
f 2078 	2079 	2126
f 2079 	2127 	2126
f 2080 	2078 	2128
f 2078 	2126 	2128
f 2081 	2080 	2129
f 2080 	2128 	2129
f 2082 	2081 	2130
f 2081 	2129 	2130
f 2083 	2082 	2131
f 2082 	2130 	2131
f 2084 	2083 	2132
f 2083 	2131 	2132
f 2085 	2084 	2133
f 2084 	2132 	2133
f 2086 	2085 	2134
f 2085 	2133 	2134
f 2087 	2086 	2135
f 2086 	2134 	2135
f 2088 	2087 	2136
f 2087 	2135 	2136
f 2089 	2088 	2137
f 2088 	2136 	2137
f 2090 	2089 	2138
f 2089 	2137 	2138
f 2091 	2090 	2139
f 2090 	2138 	2139
f 2092 	2091 	2140
f 2091 	2139 	2140
f 2093 	2092 	2141
f 2092 	2140 	2141
f 2094 	2093 	2142
f 2093 	2141 	2142
f 2095 	2094 	2143
f 2094 	2142 	2143
f 2096 	2095 	2144
f 2095 	2143 	2144
f 2097 	2096 	2145
f 2096 	2144 	2145
f 2098 	2097 	2146
f 2097 	2145 	2146
f 2099 	2098 	2147
f 2098 	2146 	2147
f 2100 	2099 	2148
f 2099 	2147 	2148
f 2101 	2100 	2149
f 2100 	2148 	2149
f 2102 	2101 	2150
f 2101 	2149 	2150
f 2103 	2102 	2151
f 2102 	2150 	2151
f 2104 	2103 	2152
f 2103 	2151 	2152
f 2105 	2104 	2153
f 2104 	2152 	2153
f 2106 	2105 	2154
f 2105 	2153 	2154
f 2107 	2106 	2155
f 2106 	2154 	2155
f 2108 	2107 	2156
f 2107 	2155 	2156
f 2109 	2108 	2157
f 2108 	2156 	2157
f 2110 	2109 	2158
f 2109 	2157 	2158
f 2111 	2110 	2159
f 2110 	2158 	2159
f 2112 	2111 	2160
f 2111 	2159 	2160
f 2113 	2112 	2161
f 2112 	2160 	2161
f 2114 	2113 	2162
f 2113 	2161 	2162
f 2115 	2114 	2163
f 2114 	2162 	2163
f 2116 	2115 	2164
f 2115 	2163 	2164
f 2117 	2116 	2165
f 2116 	2164 	2165
f 2118 	2117 	2166
f 2117 	2165 	2166
f 2119 	2118 	2167
f 2118 	2166 	2167
f 2120 	2119 	2168
f 2119 	2167 	2168
f 2121 	2120 	2169
f 2120 	2168 	2169
f 2122 	2121 	2170
f 2121 	2169 	2170
f 2123 	2122 	2171
f 2122 	2170 	2171
f 2124 	2123 	2172
f 2123 	2171 	2172
f 2125 	2124 	2173
f 2124 	2172 	2173
f 2079 	2125 	2127
f 2125 	2173 	2127
f 2126 	2127 	2174
f 2127 	2175 	2174
f 2128 	2126 	2176
f 2126 	2174 	2176
f 2129 	2128 	2177
f 2128 	2176 	2177
f 2130 	2129 	2178
f 2129 	2177 	2178
f 2131 	2130 	2179
f 2130 	2178 	2179
f 2132 	2131 	2180
f 2131 	2179 	2180
f 2133 	2132 	2181
f 2132 	2180 	2181
f 2134 	2133 	2182
f 2133 	2181 	2182
f 2135 	2134 	2183
f 2134 	2182 	2183
f 2136 	2135 	2184
f 2135 	2183 	2184
f 2137 	2136 	2185
f 2136 	2184 	2185
f 2138 	2137 	2186
f 2137 	2185 	2186
f 2139 	2138 	2187
f 2138 	2186 	2187
f 2140 	2139 	2188
f 2139 	2187 	2188
f 2141 	2140 	2189
f 2140 	2188 	2189
f 2142 	2141 	2190
f 2141 	2189 	2190
f 2143 	2142 	2191
f 2142 	2190 	2191
f 2144 	2143 	2192
f 2143 	2191 	2192
f 2145 	2144 	2193
f 2144 	2192 	2193
f 2146 	2145 	2194
f 2145 	2193 	2194
f 2147 	2146 	2195
f 2146 	2194 	2195
f 2148 	2147 	2196
f 2147 	2195 	2196
f 2149 	2148 	2197
f 2148 	2196 	2197
f 2150 	2149 	2198
f 2149 	2197 	2198
f 2151 	2150 	2199
f 2150 	2198 	2199
f 2152 	2151 	2200
f 2151 	2199 	2200
f 2153 	2152 	2201
f 2152 	2200 	2201
f 2154 	2153 	2202
f 2153 	2201 	2202
f 2155 	2154 	2203
f 2154 	2202 	2203
f 2156 	2155 	2204
f 2155 	2203 	2204
f 2157 	2156 	2205
f 2156 	2204 	2205
f 2158 	2157 	2206
f 2157 	2205 	2206
f 2159 	2158 	2207
f 2158 	2206 	2207
f 2160 	2159 	2208
f 2159 	2207 	2208
f 2161 	2160 	2209
f 2160 	2208 	2209
f 2162 	2161 	2210
f 2161 	2209 	2210
f 2163 	2162 	2211
f 2162 	2210 	2211
f 2164 	2163 	2212
f 2163 	2211 	2212
f 2165 	2164 	2213
f 2164 	2212 	2213
f 2166 	2165 	2214
f 2165 	2213 	2214
f 2167 	2166 	2215
f 2166 	2214 	2215
f 2168 	2167 	2216
f 2167 	2215 	2216
f 2169 	2168 	2217
f 2168 	2216 	2217
f 2170 	2169 	2218
f 2169 	2217 	2218
f 2171 	2170 	2219
f 2170 	2218 	2219
f 2172 	2171 	2220
f 2171 	2219 	2220
f 2173 	2172 	2221
f 2172 	2220 	2221
f 2127 	2173 	2175
f 2173 	2221 	2175
f 2174 	2175 	2222
f 2175 	2223 	2222
f 2176 	2174 	2224
f 2174 	2222 	2224
f 2177 	2176 	2225
f 2176 	2224 	2225
f 2178 	2177 	2226
f 2177 	2225 	2226
f 2179 	2178 	2227
f 2178 	2226 	2227
f 2180 	2179 	2228
f 2179 	2227 	2228
f 2181 	2180 	2229
f 2180 	2228 	2229
f 2182 	2181 	2230
f 2181 	2229 	2230
f 2183 	2182 	2231
f 2182 	2230 	2231
f 2184 	2183 	2232
f 2183 	2231 	2232
f 2185 	2184 	2233
f 2184 	2232 	2233
f 2186 	2185 	2234
f 2185 	2233 	2234
f 2187 	2186 	2235
f 2186 	2234 	2235
f 2188 	2187 	2236
f 2187 	2235 	2236
f 2189 	2188 	2237
f 2188 	2236 	2237
f 2190 	2189 	2238
f 2189 	2237 	2238
f 2191 	2190 	2239
f 2190 	2238 	2239
f 2192 	2191 	2240
f 2191 	2239 	2240
f 2193 	2192 	2241
f 2192 	2240 	2241
f 2194 	2193 	2242
f 2193 	2241 	2242
f 2195 	2194 	2243
f 2194 	2242 	2243
f 2196 	2195 	2244
f 2195 	2243 	2244
f 2197 	2196 	2245
f 2196 	2244 	2245
f 2198 	2197 	2246
f 2197 	2245 	2246
f 2199 	2198 	2247
f 2198 	2246 	2247
f 2200 	2199 	2248
f 2199 	2247 	2248
f 2201 	2200 	2249
f 2200 	2248 	2249
f 2202 	2201 	2250
f 2201 	2249 	2250
f 2203 	2202 	2251
f 2202 	2250 	2251
f 2204 	2203 	2252
f 2203 	2251 	2252
f 2205 	2204 	2253
f 2204 	2252 	2253
f 2206 	2205 	2254
f 2205 	2253 	2254
f 2207 	2206 	2255
f 2206 	2254 	2255
f 2208 	2207 	2256
f 2207 	2255 	2256
f 2209 	2208 	2257
f 2208 	2256 	2257
f 2210 	2209 	2258
f 2209 	2257 	2258
f 2211 	2210 	2259
f 2210 	2258 	2259
f 2212 	2211 	2260
f 2211 	2259 	2260
f 2213 	2212 	2261
f 2212 	2260 	2261
f 2214 	2213 	2262
f 2213 	2261 	2262
f 2215 	2214 	2263
f 2214 	2262 	2263
f 2216 	2215 	2264
f 2215 	2263 	2264
f 2217 	2216 	2265
f 2216 	2264 	2265
f 2218 	2217 	2266
f 2217 	2265 	2266
f 2219 	2218 	2267
f 2218 	2266 	2267
f 2220 	2219 	2268
f 2219 	2267 	2268
f 2221 	2220 	2269
f 2220 	2268 	2269
f 2175 	2221 	2223
f 2221 	2269 	2223
f 2222 	2223 	2270
f 2223 	2271 	2270
f 2224 	2222 	2272
f 2222 	2270 	2272
f 2225 	2224 	2273
f 2224 	2272 	2273
f 2226 	2225 	2274
f 2225 	2273 	2274
f 2227 	2226 	2275
f 2226 	2274 	2275
f 2228 	2227 	2276
f 2227 	2275 	2276
f 2229 	2228 	2277
f 2228 	2276 	2277
f 2230 	2229 	2278
f 2229 	2277 	2278
f 2231 	2230 	2279
f 2230 	2278 	2279
f 2232 	2231 	2280
f 2231 	2279 	2280
f 2233 	2232 	2281
f 2232 	2280 	2281
f 2234 	2233 	2282
f 2233 	2281 	2282
f 2235 	2234 	2283
f 2234 	2282 	2283
f 2236 	2235 	2284
f 2235 	2283 	2284
f 2237 	2236 	2285
f 2236 	2284 	2285
f 2238 	2237 	2286
f 2237 	2285 	2286
f 2239 	2238 	2287
f 2238 	2286 	2287
f 2240 	2239 	2288
f 2239 	2287 	2288
f 2241 	2240 	2289
f 2240 	2288 	2289
f 2242 	2241 	2290
f 2241 	2289 	2290
f 2243 	2242 	2291
f 2242 	2290 	2291
f 2244 	2243 	2292
f 2243 	2291 	2292
f 2245 	2244 	2293
f 2244 	2292 	2293
f 2246 	2245 	2294
f 2245 	2293 	2294
f 2247 	2246 	2295
f 2246 	2294 	2295
f 2248 	2247 	2296
f 2247 	2295 	2296
f 2249 	2248 	2297
f 2248 	2296 	2297
f 2250 	2249 	2298
f 2249 	2297 	2298
f 2251 	2250 	2299
f 2250 	2298 	2299
f 2252 	2251 	2300
f 2251 	2299 	2300
f 2253 	2252 	2301
f 2252 	2300 	2301
f 2254 	2253 	2302
f 2253 	2301 	2302
f 2255 	2254 	2303
f 2254 	2302 	2303
f 2256 	2255 	2304
f 2255 	2303 	2304
f 2257 	2256 	2305
f 2256 	2304 	2305
f 2258 	2257 	2306
f 2257 	2305 	2306
f 2259 	2258 	2307
f 2258 	2306 	2307
f 2260 	2259 	2308
f 2259 	2307 	2308
f 2261 	2260 	2309
f 2260 	2308 	2309
f 2262 	2261 	2310
f 2261 	2309 	2310
f 2263 	2262 	2311
f 2262 	2310 	2311
f 2264 	2263 	2312
f 2263 	2311 	2312
f 2265 	2264 	2313
f 2264 	2312 	2313
f 2266 	2265 	2314
f 2265 	2313 	2314
f 2267 	2266 	2315
f 2266 	2314 	2315
f 2268 	2267 	2316
f 2267 	2315 	2316
f 2269 	2268 	2317
f 2268 	2316 	2317
f 2223 	2269 	2271
f 2269 	2317 	2271
f 2270 	2271 	2318
f 2271 	2319 	2318
f 2272 	2270 	2320
f 2270 	2318 	2320
f 2273 	2272 	2321
f 2272 	2320 	2321
f 2274 	2273 	2322
f 2273 	2321 	2322
f 2275 	2274 	2323
f 2274 	2322 	2323
f 2276 	2275 	2324
f 2275 	2323 	2324
f 2277 	2276 	2325
f 2276 	2324 	2325
f 2278 	2277 	2326
f 2277 	2325 	2326
f 2279 	2278 	2327
f 2278 	2326 	2327
f 2280 	2279 	2328
f 2279 	2327 	2328
f 2281 	2280 	2329
f 2280 	2328 	2329
f 2282 	2281 	2330
f 2281 	2329 	2330
f 2283 	2282 	2331
f 2282 	2330 	2331
f 2284 	2283 	2332
f 2283 	2331 	2332
f 2285 	2284 	2333
f 2284 	2332 	2333
f 2286 	2285 	2334
f 2285 	2333 	2334
f 2287 	2286 	2335
f 2286 	2334 	2335
f 2288 	2287 	2336
f 2287 	2335 	2336
f 2289 	2288 	2337
f 2288 	2336 	2337
f 2290 	2289 	2338
f 2289 	2337 	2338
f 2291 	2290 	2339
f 2290 	2338 	2339
f 2292 	2291 	2340
f 2291 	2339 	2340
f 2293 	2292 	2341
f 2292 	2340 	2341
f 2294 	2293 	2342
f 2293 	2341 	2342
f 2295 	2294 	2343
f 2294 	2342 	2343
f 2296 	2295 	2344
f 2295 	2343 	2344
f 2297 	2296 	2345
f 2296 	2344 	2345
f 2298 	2297 	2346
f 2297 	2345 	2346
f 2299 	2298 	2347
f 2298 	2346 	2347
f 2300 	2299 	2348
f 2299 	2347 	2348
f 2301 	2300 	2349
f 2300 	2348 	2349
f 2302 	2301 	2350
f 2301 	2349 	2350
f 2303 	2302 	2351
f 2302 	2350 	2351
f 2304 	2303 	2352
f 2303 	2351 	2352
f 2305 	2304 	2353
f 2304 	2352 	2353
f 2306 	2305 	2354
f 2305 	2353 	2354
f 2307 	2306 	2355
f 2306 	2354 	2355
f 2308 	2307 	2356
f 2307 	2355 	2356
f 2309 	2308 	2357
f 2308 	2356 	2357
f 2310 	2309 	2358
f 2309 	2357 	2358
f 2311 	2310 	2359
f 2310 	2358 	2359
f 2312 	2311 	2360
f 2311 	2359 	2360
f 2313 	2312 	2361
f 2312 	2360 	2361
f 2314 	2313 	2362
f 2313 	2361 	2362
f 2315 	2314 	2363
f 2314 	2362 	2363
f 2316 	2315 	2364
f 2315 	2363 	2364
f 2317 	2316 	2365
f 2316 	2364 	2365
f 2271 	2317 	2319
f 2317 	2365 	2319
f 2318 	2319 	2366
f 2320 	2318 	2366
f 2321 	2320 	2366
f 2322 	2321 	2366
f 2323 	2322 	2366
f 2324 	2323 	2366
f 2325 	2324 	2366
f 2326 	2325 	2366
f 2327 	2326 	2366
f 2328 	2327 	2366
f 2329 	2328 	2366
f 2330 	2329 	2366
f 2331 	2330 	2366
f 2332 	2331 	2366
f 2333 	2332 	2366
f 2334 	2333 	2366
f 2335 	2334 	2366
f 2336 	2335 	2366
f 2337 	2336 	2366
f 2338 	2337 	2366
f 2339 	2338 	2366
f 2340 	2339 	2366
f 2341 	2340 	2366
f 2342 	2341 	2366
f 2343 	2342 	2366
f 2344 	2343 	2366
f 2345 	2344 	2366
f 2346 	2345 	2366
f 2347 	2346 	2366
f 2348 	2347 	2366
f 2349 	2348 	2366
f 2350 	2349 	2366
f 2351 	2350 	2366
f 2352 	2351 	2366
f 2353 	2352 	2366
f 2354 	2353 	2366
f 2355 	2354 	2366
f 2356 	2355 	2366
f 2357 	2356 	2366
f 2358 	2357 	2366
f 2359 	2358 	2366
f 2360 	2359 	2366
f 2361 	2360 	2366
f 2362 	2361 	2366
f 2363 	2362 	2366
f 2364 	2363 	2366
f 2365 	2364 	2366
f 2319 	2365 	2366
# 2208 faces

 #end of obj_2

